"Name","Year","Gender","State","Count"
"Xavier",1997,"M","AK",7
"Xavier",1999,"M","AK",8
"Xavier",2000,"M","AK",7
"Xavier",2001,"M","AK",7
"Xavier",2002,"M","AK",7
"Xander",2003,"M","AK",8
"Xavier",2003,"M","AK",7
"Xander",2004,"M","AK",13
"Xavier",2004,"M","AK",6
"Xander",2005,"M","AK",5
"Xavier",2005,"M","AK",5
"Xavier",2006,"M","AK",12
"Xavier",2007,"M","AK",16
"Xander",2007,"M","AK",10
"Xavier",2008,"M","AK",15
"Xavier",2009,"M","AK",11
"Xander",2009,"M","AK",7
"Xavier",2010,"M","AK",16
"Xander",2010,"M","AK",6
"Xavier",2011,"M","AK",9
"Xander",2011,"M","AK",5
"Xavier",2012,"M","AK",9
"Xander",2012,"M","AK",8
"Xavier",2013,"M","AK",9
"Xander",2013,"M","AK",5
"Xander",2014,"M","AK",13
"Xavier",2014,"M","AK",12
"Ximena",2005,"F","AL",6
"Ximena",2007,"F","AL",5
"Ximena",2008,"F","AL",6
"Xiomara",2008,"F","AL",6
"Ximena",2009,"F","AL",5
"Ximena",2010,"F","AL",8
"Ximena",2011,"F","AL",6
"Ximena",2012,"F","AL",6
"Ximena",2013,"F","AL",12
"Ximena",2014,"F","AL",13
"Xavier",1997,"M","AL",49
"Xavier",1998,"M","AL",57
"Xavier",1999,"M","AL",57
"Xavier",2000,"M","AL",53
"Xzavier",2000,"M","AL",10
"Xavier",2001,"M","AL",66
"Xzavier",2001,"M","AL",8
"Xavier",2002,"M","AL",65
"Xzavier",2002,"M","AL",9
"Xander",2002,"M","AL",5
"Xavier",2003,"M","AL",72
"Xander",2003,"M","AL",22
"Xzavier",2003,"M","AL",9
"Xavier",2004,"M","AL",63
"Xander",2004,"M","AL",18
"Xzavier",2004,"M","AL",9
"Xavier",2005,"M","AL",64
"Xander",2005,"M","AL",10
"Xzavier",2005,"M","AL",5
"Xavier",2006,"M","AL",83
"Xander",2006,"M","AL",17
"Xzavier",2006,"M","AL",11
"Xavion",2006,"M","AL",6
"Xavier",2007,"M","AL",73
"Xzavier",2007,"M","AL",11
"Xander",2007,"M","AL",10
"Xavier",2008,"M","AL",60
"Xander",2008,"M","AL",10
"Xzavier",2008,"M","AL",6
"Xavion",2008,"M","AL",5
"Xavier",2009,"M","AL",61
"Xander",2009,"M","AL",13
"Xzavier",2009,"M","AL",8
"Xavion",2009,"M","AL",7
"Xavier",2010,"M","AL",64
"Xander",2010,"M","AL",15
"Xzavier",2010,"M","AL",6
"Xavier",2011,"M","AL",58
"Xander",2011,"M","AL",20
"Xzavier",2011,"M","AL",5
"Xavier",2012,"M","AL",52
"Xander",2012,"M","AL",17
"Xavier",2013,"M","AL",44
"Xander",2013,"M","AL",23
"Xzavier",2013,"M","AL",5
"Xavier",2014,"M","AL",37
"Xander",2014,"M","AL",20
"Xzavier",2014,"M","AL",7
"Ximena",2008,"F","AR",5
"Ximena",2010,"F","AR",7
"Ximena",2011,"F","AR",9
"Ximena",2013,"F","AR",11
"Ximena",2014,"F","AR",18
"Xavier",1997,"M","AR",30
"Xavier",1998,"M","AR",30
"Xavier",1999,"M","AR",26
"Xavier",2000,"M","AR",38
"Xavier",2001,"M","AR",37
"Xavier",2002,"M","AR",33
"Xander",2002,"M","AR",5
"Xavier",2003,"M","AR",30
"Xander",2003,"M","AR",15
"Xavier",2004,"M","AR",32
"Xander",2004,"M","AR",19
"Xavier",2005,"M","AR",22
"Xander",2005,"M","AR",19
"Xavier",2006,"M","AR",42
"Xander",2006,"M","AR",19
"Xavion",2006,"M","AR",5
"Xzavier",2006,"M","AR",5
"Xavier",2007,"M","AR",43
"Xander",2007,"M","AR",17
"Xavier",2008,"M","AR",38
"Xander",2008,"M","AR",18
"Xavier",2009,"M","AR",27
"Xander",2009,"M","AR",18
"Xander",2010,"M","AR",23
"Xavier",2010,"M","AR",22
"Xavier",2011,"M","AR",35
"Xander",2011,"M","AR",30
"Xavier",2012,"M","AR",30
"Xander",2012,"M","AR",23
"Xavier",2013,"M","AR",33
"Xander",2013,"M","AR",23
"Xzavier",2013,"M","AR",5
"Xavier",2014,"M","AR",30
"Xander",2014,"M","AR",22
"Xena",1997,"F","AZ",7
"Xenia",1997,"F","AZ",5
"Xochitl",1997,"F","AZ",5
"Xena",1998,"F","AZ",9
"Ximena",1999,"F","AZ",7
"Xochitl",1999,"F","AZ",6
"Xiomara",1999,"F","AZ",5
"Ximena",2000,"F","AZ",7
"Xochitl",2000,"F","AZ",7
"Xiomara",2000,"F","AZ",5
"Ximena",2001,"F","AZ",19
"Xiomara",2001,"F","AZ",8
"Xochitl",2001,"F","AZ",6
"Ximena",2002,"F","AZ",30
"Xochitl",2002,"F","AZ",6
"Ximena",2003,"F","AZ",45
"Xiomara",2003,"F","AZ",9
"Xitlaly",2003,"F","AZ",7
"Ximena",2004,"F","AZ",54
"Xiomara",2004,"F","AZ",17
"Xitlali",2004,"F","AZ",11
"Xochitl",2004,"F","AZ",9
"Xitlaly",2004,"F","AZ",8
"Xenia",2004,"F","AZ",5
"Ximena",2005,"F","AZ",51
"Xiomara",2005,"F","AZ",10
"Xochitl",2005,"F","AZ",8
"Xitlali",2005,"F","AZ",6
"Xitlaly",2005,"F","AZ",6
"Ximena",2006,"F","AZ",52
"Xiomara",2006,"F","AZ",17
"Xochitl",2006,"F","AZ",8
"Ximena",2007,"F","AZ",58
"Xiomara",2007,"F","AZ",18
"Xochitl",2007,"F","AZ",9
"Xitlali",2007,"F","AZ",6
"Xitlaly",2007,"F","AZ",5
"Ximena",2008,"F","AZ",63
"Xochitl",2008,"F","AZ",13
"Xiomara",2008,"F","AZ",10
"Xitlaly",2008,"F","AZ",6
"Xitlali",2008,"F","AZ",5
"Ximena",2009,"F","AZ",64
"Xochitl",2009,"F","AZ",13
"Xiomara",2009,"F","AZ",9
"Xitlali",2009,"F","AZ",6
"Xitlaly",2009,"F","AZ",5
"Xoe",2009,"F","AZ",5
"Ximena",2010,"F","AZ",62
"Xitlali",2010,"F","AZ",8
"Xochitl",2010,"F","AZ",7
"Xiomara",2010,"F","AZ",6
"Ximena",2011,"F","AZ",75
"Xiomara",2011,"F","AZ",10
"Xenia",2011,"F","AZ",6
"Xitlali",2011,"F","AZ",6
"Ximena",2012,"F","AZ",82
"Xochitl",2012,"F","AZ",13
"Xiomara",2012,"F","AZ",9
"Xitlali",2012,"F","AZ",6
"Ximena",2013,"F","AZ",78
"Xiomara",2013,"F","AZ",8
"Ximena",2014,"F","AZ",125
"Xochitl",2014,"F","AZ",9
"Xitlali",2014,"F","AZ",7
"Xiomara",2014,"F","AZ",5
"Xavier",1997,"M","AZ",87
"Xavier",1998,"M","AZ",86
"Xavier",1999,"M","AZ",83
"Xavier",2000,"M","AZ",116
"Xavier",2001,"M","AZ",112
"Xander",2001,"M","AZ",8
"Xavier",2002,"M","AZ",147
"Xander",2002,"M","AZ",6
"Xavier",2003,"M","AZ",161
"Xander",2003,"M","AZ",48
"Xzavier",2003,"M","AZ",8
"Xavier",2004,"M","AZ",182
"Xander",2004,"M","AZ",27
"Xzavier",2004,"M","AZ",9
"Xavier",2005,"M","AZ",173
"Xander",2005,"M","AZ",30
"Xzavier",2005,"M","AZ",5
"Xavier",2006,"M","AZ",244
"Xander",2006,"M","AZ",39
"Xzavier",2006,"M","AZ",10
"Xavior",2006,"M","AZ",6
"Xavier",2007,"M","AZ",224
"Xander",2007,"M","AZ",42
"Xzavier",2007,"M","AZ",6
"Xavier",2008,"M","AZ",212
"Xander",2008,"M","AZ",35
"Xzavier",2008,"M","AZ",11
"Xavier",2009,"M","AZ",208
"Xander",2009,"M","AZ",49
"Xzavier",2009,"M","AZ",18
"Xavion",2009,"M","AZ",5
"Xavier",2010,"M","AZ",199
"Xander",2010,"M","AZ",33
"Xzavier",2010,"M","AZ",20
"Xavi",2010,"M","AZ",7
"Xavier",2011,"M","AZ",189
"Xander",2011,"M","AZ",61
"Xzavier",2011,"M","AZ",17
"Xavi",2011,"M","AZ",8
"Xavian",2011,"M","AZ",5
"Xavier",2012,"M","AZ",187
"Xander",2012,"M","AZ",57
"Xzavier",2012,"M","AZ",12
"Xavier",2013,"M","AZ",144
"Xander",2013,"M","AZ",44
"Xzavier",2013,"M","AZ",14
"Xavier",2014,"M","AZ",130
"Xander",2014,"M","AZ",63
"Xzavier",2014,"M","AZ",13
"Xochitl",1997,"F","CA",62
"Xena",1997,"F","CA",50
"Xiomara",1997,"F","CA",40
"Xochilt",1997,"F","CA",22
"Ximena",1997,"F","CA",19
"Xenia",1997,"F","CA",17
"Xitlaly",1997,"F","CA",14
"Xitlali",1997,"F","CA",10
"Xochil",1997,"F","CA",10
"Xitlalic",1997,"F","CA",6
"Xochitl",1998,"F","CA",70
"Xiomara",1998,"F","CA",31
"Xena",1998,"F","CA",27
"Xochilt",1998,"F","CA",21
"Xenia",1998,"F","CA",13
"Xitlaly",1998,"F","CA",12
"Xitlali",1998,"F","CA",11
"Ximena",1998,"F","CA",8
"Xochil",1998,"F","CA",5
"Xochitl",1999,"F","CA",68
"Xiomara",1999,"F","CA",48
"Xochilt",1999,"F","CA",30
"Ximena",1999,"F","CA",25
"Xena",1999,"F","CA",20
"Xitlali",1999,"F","CA",18
"Xenia",1999,"F","CA",11
"Xochil",1999,"F","CA",11
"Xitlalli",1999,"F","CA",10
"Xitlaly",1999,"F","CA",7
"Xochitl",2000,"F","CA",67
"Xiomara",2000,"F","CA",52
"Ximena",2000,"F","CA",38
"Xochilt",2000,"F","CA",25
"Xitlaly",2000,"F","CA",23
"Xitlali",2000,"F","CA",22
"Xiana",2000,"F","CA",16
"Xenia",2000,"F","CA",13
"Xitlalli",2000,"F","CA",13
"Xochil",2000,"F","CA",12
"Xena",2000,"F","CA",11
"Xitlalic",2000,"F","CA",8
"Xitlally",2000,"F","CA",7
"Xcaret",2000,"F","CA",5
"Xianna",2000,"F","CA",5
"Ximena",2001,"F","CA",89
"Xochitl",2001,"F","CA",68
"Xitlaly",2001,"F","CA",45
"Xiomara",2001,"F","CA",42
"Xitlali",2001,"F","CA",42
"Xochilt",2001,"F","CA",19
"Xitlalic",2001,"F","CA",15
"Xitlalli",2001,"F","CA",12
"Xitlally",2001,"F","CA",11
"Xochil",2001,"F","CA",11
"Xiana",2001,"F","CA",10
"Xenia",2001,"F","CA",9
"Xena",2001,"F","CA",7
"Xotchil",2001,"F","CA",5
"Ximena",2002,"F","CA",132
"Xochitl",2002,"F","CA",65
"Xiomara",2002,"F","CA",55
"Xitlali",2002,"F","CA",54
"Xitlaly",2002,"F","CA",38
"Xochilt",2002,"F","CA",35
"Xitlalli",2002,"F","CA",12
"Xitlalic",2002,"F","CA",11
"Xenia",2002,"F","CA",10
"Xandria",2002,"F","CA",8
"Xiana",2002,"F","CA",8
"Xena",2002,"F","CA",5
"Xitllali",2002,"F","CA",5
"Xuan",2002,"F","CA",5
"Ximena",2003,"F","CA",177
"Xochitl",2003,"F","CA",86
"Xitlali",2003,"F","CA",51
"Xitlaly",2003,"F","CA",48
"Xiomara",2003,"F","CA",44
"Xochilt",2003,"F","CA",24
"Xitlalic",2003,"F","CA",15
"Xiana",2003,"F","CA",7
"Xochil",2003,"F","CA",7
"Xenia",2003,"F","CA",6
"Xitlalli",2003,"F","CA",6
"Xochilth",2003,"F","CA",5
"Ximena",2004,"F","CA",219
"Xochitl",2004,"F","CA",78
"Xiomara",2004,"F","CA",74
"Xitlali",2004,"F","CA",65
"Xitlaly",2004,"F","CA",62
"Xochilt",2004,"F","CA",20
"Xenia",2004,"F","CA",16
"Xitlalic",2004,"F","CA",12
"Xitlalli",2004,"F","CA",10
"Xiana",2004,"F","CA",8
"Xiadani",2004,"F","CA",6
"Xochilth",2004,"F","CA",5
"Ximena",2005,"F","CA",259
"Xiomara",2005,"F","CA",87
"Xochitl",2005,"F","CA",68
"Xitlali",2005,"F","CA",49
"Xitlaly",2005,"F","CA",41
"Xochilt",2005,"F","CA",28
"Xenia",2005,"F","CA",14
"Xitlalic",2005,"F","CA",13
"Xochil",2005,"F","CA",9
"Xiana",2005,"F","CA",6
"Xiclaly",2005,"F","CA",5
"Ximena",2006,"F","CA",241
"Xiomara",2006,"F","CA",82
"Xochitl",2006,"F","CA",74
"Xitlali",2006,"F","CA",53
"Xitlaly",2006,"F","CA",48
"Xochilt",2006,"F","CA",22
"Xenia",2006,"F","CA",10
"Xitlalic",2006,"F","CA",10
"Xena",2006,"F","CA",6
"Ximena",2007,"F","CA",258
"Xiomara",2007,"F","CA",80
"Xochitl",2007,"F","CA",78
"Xitlali",2007,"F","CA",47
"Xitlaly",2007,"F","CA",45
"Xochilt",2007,"F","CA",19
"Xenia",2007,"F","CA",11
"Xochil",2007,"F","CA",10
"Xitlalic",2007,"F","CA",9
"Xitlally",2007,"F","CA",7
"Xcaret",2007,"F","CA",6
"Xandria",2007,"F","CA",5
"Xitlalli",2007,"F","CA",5
"Ximena",2008,"F","CA",311
"Xiomara",2008,"F","CA",97
"Xochitl",2008,"F","CA",60
"Xitlali",2008,"F","CA",49
"Xitlaly",2008,"F","CA",39
"Xochilt",2008,"F","CA",17
"Xochil",2008,"F","CA",13
"Xitlalic",2008,"F","CA",9
"Xitlalli",2008,"F","CA",9
"Xitllali",2008,"F","CA",7
"Xena",2008,"F","CA",5
"Xenia",2008,"F","CA",5
"Xiana",2008,"F","CA",5
"Ximena",2009,"F","CA",300
"Xiomara",2009,"F","CA",74
"Xitlali",2009,"F","CA",67
"Xochitl",2009,"F","CA",63
"Xitlaly",2009,"F","CA",46
"Xochilt",2009,"F","CA",14
"Xitlalli",2009,"F","CA",10
"Xitlalic",2009,"F","CA",7
"Xiclaly",2009,"F","CA",6
"Xela",2009,"F","CA",5
"Xenia",2009,"F","CA",5
"Xoe",2009,"F","CA",5
"Xuan",2009,"F","CA",5
"Ximena",2010,"F","CA",357
"Xitlali",2010,"F","CA",65
"Xochitl",2010,"F","CA",60
"Xiomara",2010,"F","CA",56
"Xitlaly",2010,"F","CA",33
"Xochilt",2010,"F","CA",14
"Xyla",2010,"F","CA",10
"Xenia",2010,"F","CA",8
"Xitlalli",2010,"F","CA",8
"Xitllali",2010,"F","CA",7
"Xena",2010,"F","CA",6
"Xitlalic",2010,"F","CA",6
"Xcaret",2010,"F","CA",5
"Xochil",2010,"F","CA",5
"Xymena",2010,"F","CA",5
"Ximena",2011,"F","CA",443
"Xiomara",2011,"F","CA",65
"Xochitl",2011,"F","CA",45
"Xitlali",2011,"F","CA",41
"Xitlaly",2011,"F","CA",27
"Xochilt",2011,"F","CA",15
"Xenia",2011,"F","CA",9
"Ximenna",2011,"F","CA",8
"Xena",2011,"F","CA",7
"Xiclaly",2011,"F","CA",7
"Xyla",2011,"F","CA",7
"Ximena",2012,"F","CA",435
"Xochitl",2012,"F","CA",62
"Xiomara",2012,"F","CA",54
"Xitlali",2012,"F","CA",46
"Xitlaly",2012,"F","CA",22
"Xenia",2012,"F","CA",9
"Xena",2012,"F","CA",8
"Xitlalli",2012,"F","CA",8
"Xochilt",2012,"F","CA",8
"Xiana",2012,"F","CA",5
"Ximenna",2012,"F","CA",5
"Ximena",2013,"F","CA",553
"Xiomara",2013,"F","CA",47
"Xochitl",2013,"F","CA",39
"Xitlali",2013,"F","CA",30
"Xitlaly",2013,"F","CA",20
"Xenia",2013,"F","CA",16
"Xena",2013,"F","CA",10
"Ximenna",2013,"F","CA",8
"Xochilt",2013,"F","CA",8
"Xaria",2013,"F","CA",5
"Xylina",2013,"F","CA",5
"Ximena",2014,"F","CA",639
"Xiomara",2014,"F","CA",54
"Xochitl",2014,"F","CA",43
"Xitlali",2014,"F","CA",28
"Xitlaly",2014,"F","CA",22
"Xenia",2014,"F","CA",12
"Xena",2014,"F","CA",8
"Xyla",2014,"F","CA",6
"Xia",2014,"F","CA",5
"Xitlalli",2014,"F","CA",5
"Xylia",2014,"F","CA",5
"Xavier",1997,"M","CA",299
"Xzavier",1997,"M","CA",7
"Xander",1997,"M","CA",5
"Xavier",1998,"M","CA",339
"Xander",1998,"M","CA",16
"Xzavier",1998,"M","CA",7
"Xaiver",1998,"M","CA",5
"Xavier",1999,"M","CA",355
"Xander",1999,"M","CA",16
"Xzavier",1999,"M","CA",7
"Xavier",2000,"M","CA",397
"Xander",2000,"M","CA",18
"Xzavier",2000,"M","CA",12
"Xavier",2001,"M","CA",447
"Xander",2001,"M","CA",30
"Xzavier",2001,"M","CA",15
"Xaiver",2001,"M","CA",5
"Xavior",2001,"M","CA",5
"Xavier",2002,"M","CA",464
"Xander",2002,"M","CA",40
"Xzavier",2002,"M","CA",23
"Xaiver",2002,"M","CA",5
"Xavian",2002,"M","CA",5
"Xavier",2003,"M","CA",571
"Xander",2003,"M","CA",95
"Xzavier",2003,"M","CA",28
"Xavian",2003,"M","CA",5
"Xavier",2004,"M","CA",570
"Xander",2004,"M","CA",105
"Xzavier",2004,"M","CA",20
"Xaiver",2004,"M","CA",7
"Xavior",2004,"M","CA",7
"Xaviar",2004,"M","CA",5
"Xavier",2005,"M","CA",586
"Xander",2005,"M","CA",90
"Xzavier",2005,"M","CA",29
"Xaiver",2005,"M","CA",8
"Xavier",2006,"M","CA",704
"Xander",2006,"M","CA",91
"Xzavier",2006,"M","CA",36
"Xavior",2006,"M","CA",8
"Xavian",2006,"M","CA",7
"Xavi",2006,"M","CA",6
"Xavier",2007,"M","CA",836
"Xander",2007,"M","CA",97
"Xzavier",2007,"M","CA",43
"Xaiver",2007,"M","CA",6
"Xavi",2007,"M","CA",6
"Xavion",2007,"M","CA",6
"Xavior",2007,"M","CA",6
"Xavier",2008,"M","CA",789
"Xander",2008,"M","CA",99
"Xzavier",2008,"M","CA",44
"Xavi",2008,"M","CA",10
"Xavior",2008,"M","CA",7
"Xavion",2008,"M","CA",6
"Xavian",2008,"M","CA",5
"Xavier",2009,"M","CA",781
"Xander",2009,"M","CA",122
"Xzavier",2009,"M","CA",60
"Xavi",2009,"M","CA",25
"Xavior",2009,"M","CA",13
"Xavian",2009,"M","CA",9
"Xaiver",2009,"M","CA",7
"Xadrian",2009,"M","CA",6
"Xzavior",2009,"M","CA",5
"Xavier",2010,"M","CA",826
"Xander",2010,"M","CA",110
"Xavi",2010,"M","CA",75
"Xzavier",2010,"M","CA",67
"Xaiden",2010,"M","CA",8
"Xavior",2010,"M","CA",7
"Xabi",2010,"M","CA",6
"Xaiver",2010,"M","CA",5
"Xavier",2011,"M","CA",817
"Xander",2011,"M","CA",130
"Xavi",2011,"M","CA",80
"Xzavier",2011,"M","CA",56
"Xavian",2011,"M","CA",16
"Xavior",2011,"M","CA",13
"Xayden",2011,"M","CA",6
"Xavier",2012,"M","CA",831
"Xander",2012,"M","CA",147
"Xzavier",2012,"M","CA",65
"Xavi",2012,"M","CA",60
"Xian",2012,"M","CA",12
"Xavior",2012,"M","CA",9
"Xavian",2012,"M","CA",6
"Xayden",2012,"M","CA",5
"Xzander",2012,"M","CA",5
"Xavier",2013,"M","CA",735
"Xander",2013,"M","CA",153
"Xzavier",2013,"M","CA",64
"Xavi",2013,"M","CA",62
"Xaiden",2013,"M","CA",8
"Xzander",2013,"M","CA",8
"Xavian",2013,"M","CA",7
"Xayden",2013,"M","CA",6
"Xavier",2014,"M","CA",724
"Xander",2014,"M","CA",180
"Xzavier",2014,"M","CA",56
"Xavi",2014,"M","CA",36
"Xzander",2014,"M","CA",9
"Xabi",2014,"M","CA",5
"Xaden",2014,"M","CA",5
"Xena",1998,"F","CO",5
"Xiomara",2000,"F","CO",5
"Ximena",2001,"F","CO",11
"Xitlaly",2001,"F","CO",6
"Ximena",2002,"F","CO",16
"Xiomara",2002,"F","CO",6
"Ximena",2003,"F","CO",19
"Ximena",2004,"F","CO",29
"Xitlaly",2004,"F","CO",9
"Xitlali",2004,"F","CO",6
"Ximena",2005,"F","CO",32
"Xitlaly",2005,"F","CO",8
"Xitlali",2005,"F","CO",7
"Xiomara",2005,"F","CO",5
"Ximena",2006,"F","CO",21
"Ximena",2007,"F","CO",21
"Ximena",2008,"F","CO",28
"Ximena",2009,"F","CO",22
"Xochitl",2009,"F","CO",8
"Ximena",2010,"F","CO",30
"Xiomara",2010,"F","CO",7
"Xochitl",2010,"F","CO",5
"Ximena",2011,"F","CO",27
"Xiomara",2011,"F","CO",7
"Ximena",2012,"F","CO",26
"Ximena",2013,"F","CO",32
"Xochitl",2013,"F","CO",6
"Ximena",2014,"F","CO",61
"Xavier",1997,"M","CO",46
"Xavier",1998,"M","CO",38
"Xavier",1999,"M","CO",63
"Xander",1999,"M","CO",5
"Xavier",2000,"M","CO",67
"Xander",2000,"M","CO",6
"Xavier",2001,"M","CO",71
"Xander",2001,"M","CO",10
"Xavier",2002,"M","CO",77
"Xander",2002,"M","CO",13
"Xzavier",2002,"M","CO",6
"Xavier",2003,"M","CO",97
"Xander",2003,"M","CO",41
"Xzavier",2003,"M","CO",10
"Xavier",2004,"M","CO",97
"Xander",2004,"M","CO",24
"Xavier",2005,"M","CO",102
"Xander",2005,"M","CO",22
"Xzavier",2005,"M","CO",14
"Xavier",2006,"M","CO",125
"Xander",2006,"M","CO",33
"Xzavier",2006,"M","CO",6
"Xavier",2007,"M","CO",127
"Xander",2007,"M","CO",37
"Xzavier",2007,"M","CO",7
"Xavier",2008,"M","CO",109
"Xander",2008,"M","CO",27
"Xzavier",2008,"M","CO",16
"Xavier",2009,"M","CO",112
"Xander",2009,"M","CO",33
"Xzavier",2009,"M","CO",15
"Xavier",2010,"M","CO",107
"Xander",2010,"M","CO",36
"Xzavier",2010,"M","CO",12
"Xavi",2010,"M","CO",8
"Xavier",2011,"M","CO",99
"Xander",2011,"M","CO",48
"Xzavier",2011,"M","CO",13
"Xavi",2011,"M","CO",5
"Xavier",2012,"M","CO",92
"Xander",2012,"M","CO",52
"Xavi",2012,"M","CO",5
"Xzavier",2012,"M","CO",5
"Xavier",2013,"M","CO",96
"Xander",2013,"M","CO",46
"Xzavier",2013,"M","CO",10
"Xavier",2014,"M","CO",81
"Xander",2014,"M","CO",42
"Xzavier",2014,"M","CO",9
"Xavi",2014,"M","CO",5
"Xiomara",1999,"F","CT",5
"Xiomara",2000,"F","CT",5
"Xiomara",2003,"F","CT",5
"Xiomara",2007,"F","CT",7
"Xiomara",2008,"F","CT",5
"Ximena",2014,"F","CT",5
"Xavier",1997,"M","CT",26
"Xavier",1998,"M","CT",37
"Xavier",1999,"M","CT",44
"Xavier",2000,"M","CT",45
"Xavier",2001,"M","CT",51
"Xavier",2002,"M","CT",80
"Xander",2002,"M","CT",5
"Xavier",2003,"M","CT",64
"Xander",2003,"M","CT",8
"Xavier",2004,"M","CT",71
"Xander",2004,"M","CT",8
"Xavier",2005,"M","CT",56
"Xander",2005,"M","CT",5
"Xzavier",2005,"M","CT",5
"Xavier",2006,"M","CT",89
"Xavier",2007,"M","CT",82
"Xander",2007,"M","CT",5
"Xavier",2008,"M","CT",71
"Xander",2008,"M","CT",6
"Xavier",2009,"M","CT",83
"Xander",2009,"M","CT",6
"Xzavier",2009,"M","CT",6
"Xavier",2010,"M","CT",84
"Xander",2010,"M","CT",12
"Xzavier",2010,"M","CT",9
"Xavier",2011,"M","CT",68
"Xander",2011,"M","CT",10
"Xavier",2012,"M","CT",67
"Xander",2012,"M","CT",11
"Xavier",2013,"M","CT",60
"Xander",2013,"M","CT",15
"Xavier",2014,"M","CT",54
"Xander",2014,"M","CT",10
"Xavier",1997,"M","DC",11
"Xavier",1998,"M","DC",14
"Xavier",1999,"M","DC",29
"Xavier",2000,"M","DC",20
"Xavier",2001,"M","DC",22
"Xavier",2002,"M","DC",30
"Xavier",2003,"M","DC",19
"Xavier",2004,"M","DC",24
"Xavier",2005,"M","DC",13
"Xavier",2006,"M","DC",36
"Xavier",2007,"M","DC",27
"Xavier",2008,"M","DC",31
"Xavier",2009,"M","DC",29
"Xavier",2010,"M","DC",25
"Xavier",2011,"M","DC",28
"Xavier",2012,"M","DC",19
"Xavier",2013,"M","DC",25
"Xavier",2014,"M","DC",13
"Ximena",2010,"F","DE",5
"Xavier",1997,"M","DE",9
"Xavier",1998,"M","DE",9
"Xavier",2000,"M","DE",14
"Xavier",2001,"M","DE",9
"Xavier",2002,"M","DE",23
"Xavier",2003,"M","DE",16
"Xander",2003,"M","DE",7
"Xavier",2004,"M","DE",14
"Xavier",2005,"M","DE",12
"Xavier",2006,"M","DE",25
"Xavier",2007,"M","DE",26
"Xavier",2008,"M","DE",22
"Xavier",2009,"M","DE",14
"Xavier",2010,"M","DE",14
"Xavier",2011,"M","DE",14
"Xavier",2012,"M","DE",20
"Xavier",2013,"M","DE",15
"Xander",2013,"M","DE",8
"Xavier",2014,"M","DE",12
"Xena",1997,"F","FL",15
"Xenia",1997,"F","FL",6
"Xiomara",1997,"F","FL",6
"Xena",1998,"F","FL",9
"Xiomara",1998,"F","FL",6
"Xiomara",1999,"F","FL",13
"Xena",1999,"F","FL",8
"Xiomara",2000,"F","FL",13
"Xena",2000,"F","FL",5
"Ximena",2001,"F","FL",10
"Xiomara",2001,"F","FL",10
"Xiomara",2002,"F","FL",19
"Ximena",2002,"F","FL",15
"Xiomara",2003,"F","FL",17
"Ximena",2003,"F","FL",11
"Xaria",2003,"F","FL",5
"Xochitl",2003,"F","FL",5
"Ximena",2004,"F","FL",21
"Xiomara",2004,"F","FL",14
"Xitlali",2004,"F","FL",6
"Xaria",2004,"F","FL",5
"Xiomara",2005,"F","FL",30
"Ximena",2005,"F","FL",17
"Xaria",2005,"F","FL",6
"Xenia",2005,"F","FL",5
"Xitlaly",2005,"F","FL",5
"Xiomara",2006,"F","FL",26
"Ximena",2006,"F","FL",20
"Xochilt",2006,"F","FL",5
"Xiomara",2007,"F","FL",22
"Ximena",2007,"F","FL",15
"Xochitl",2007,"F","FL",6
"Ximena",2008,"F","FL",20
"Xiomara",2008,"F","FL",17
"Xaria",2008,"F","FL",5
"Ximena",2009,"F","FL",23
"Xiomara",2009,"F","FL",14
"Xena",2009,"F","FL",5
"Ximena",2010,"F","FL",23
"Xiomara",2010,"F","FL",15
"Ximena",2011,"F","FL",28
"Xiomara",2011,"F","FL",11
"Xaria",2011,"F","FL",6
"Xolani",2011,"F","FL",5
"Ximena",2012,"F","FL",22
"Xiomara",2012,"F","FL",9
"Xyla",2012,"F","FL",5
"Ximena",2013,"F","FL",31
"Xiomara",2013,"F","FL",5
"Ximena",2014,"F","FL",45
"Xiomara",2014,"F","FL",9
"Xena",2014,"F","FL",5
"Xavier",1997,"M","FL",131
"Xzavier",1997,"M","FL",6
"Xavier",1998,"M","FL",152
"Xzavier",1998,"M","FL",7
"Xavier",1999,"M","FL",179
"Xander",1999,"M","FL",12
"Xzavier",1999,"M","FL",9
"Xavier",2000,"M","FL",176
"Xander",2000,"M","FL",14
"Xzavier",2000,"M","FL",7
"Xavier",2001,"M","FL",212
"Xander",2001,"M","FL",9
"Xzavier",2001,"M","FL",8
"Xavian",2001,"M","FL",5
"Xavier",2002,"M","FL",284
"Xander",2002,"M","FL",25
"Xzavier",2002,"M","FL",12
"Xavian",2002,"M","FL",5
"Xavier",2003,"M","FL",276
"Xander",2003,"M","FL",57
"Xzavier",2003,"M","FL",9
"Xavian",2003,"M","FL",7
"Xavier",2004,"M","FL",288
"Xander",2004,"M","FL",61
"Xzavier",2004,"M","FL",21
"Xavion",2004,"M","FL",7
"Xzavion",2004,"M","FL",7
"Xavian",2004,"M","FL",5
"Xavier",2005,"M","FL",303
"Xander",2005,"M","FL",51
"Xzavier",2005,"M","FL",16
"Xavion",2005,"M","FL",8
"Xzavion",2005,"M","FL",5
"Xavier",2006,"M","FL",396
"Xander",2006,"M","FL",67
"Xzavier",2006,"M","FL",25
"Xavion",2006,"M","FL",10
"Xavian",2006,"M","FL",5
"Xavier",2007,"M","FL",428
"Xander",2007,"M","FL",54
"Xzavier",2007,"M","FL",24
"Xavion",2007,"M","FL",10
"Xzavion",2007,"M","FL",5
"Xavier",2008,"M","FL",385
"Xander",2008,"M","FL",61
"Xzavier",2008,"M","FL",31
"Xavion",2008,"M","FL",6
"Xavier",2009,"M","FL",362
"Xander",2009,"M","FL",55
"Xzavier",2009,"M","FL",21
"Xavion",2009,"M","FL",10
"Xavi",2009,"M","FL",7
"Xzavion",2009,"M","FL",6
"Xavier",2010,"M","FL",321
"Xander",2010,"M","FL",54
"Xzavier",2010,"M","FL",25
"Xavion",2010,"M","FL",16
"Xavi",2010,"M","FL",12
"Xzavion",2010,"M","FL",6
"Xavier",2011,"M","FL",336
"Xander",2011,"M","FL",73
"Xzavier",2011,"M","FL",31
"Xavi",2011,"M","FL",6
"Xavion",2011,"M","FL",6
"Xzavion",2011,"M","FL",6
"Xavian",2011,"M","FL",5
"Xavier",2012,"M","FL",276
"Xander",2012,"M","FL",88
"Xzavier",2012,"M","FL",23
"Xavi",2012,"M","FL",10
"Xavion",2012,"M","FL",9
"Xzavion",2012,"M","FL",5
"Xavier",2013,"M","FL",281
"Xander",2013,"M","FL",99
"Xzavier",2013,"M","FL",29
"Xavi",2013,"M","FL",9
"Xavion",2013,"M","FL",7
"Xadrian",2013,"M","FL",5
"Xayden",2013,"M","FL",5
"Xavier",2014,"M","FL",271
"Xander",2014,"M","FL",97
"Xzavier",2014,"M","FL",23
"Xavian",2014,"M","FL",6
"Xion",2014,"M","FL",6
"Xavi",2014,"M","FL",5
"Xavion",2014,"M","FL",5
"Xena",1997,"F","GA",10
"Xiomara",1997,"F","GA",5
"Xiomara",2001,"F","GA",6
"Ximena",2002,"F","GA",6
"Xiomara",2002,"F","GA",6
"Ximena",2003,"F","GA",19
"Xiomara",2003,"F","GA",6
"Ximena",2004,"F","GA",19
"Xochitl",2004,"F","GA",7
"Xitlali",2004,"F","GA",5
"Ximena",2005,"F","GA",28
"Xiomara",2005,"F","GA",7
"Xochitl",2005,"F","GA",6
"Ximena",2006,"F","GA",21
"Xiomara",2006,"F","GA",11
"Xochitl",2006,"F","GA",5
"Ximena",2007,"F","GA",29
"Xiomara",2007,"F","GA",9
"Ximena",2008,"F","GA",26
"Xiomara",2008,"F","GA",13
"Ximena",2009,"F","GA",28
"Xiomara",2009,"F","GA",11
"Ximena",2010,"F","GA",25
"Xiomara",2010,"F","GA",8
"Ximena",2011,"F","GA",35
"Ximena",2012,"F","GA",26
"Ximena",2013,"F","GA",43
"Xiomara",2013,"F","GA",10
"Ximena",2014,"F","GA",39
"Xavier",1997,"M","GA",115
"Xzavier",1997,"M","GA",8
"Xavier",1998,"M","GA",122
"Xavier",1999,"M","GA",140
"Xzavier",1999,"M","GA",12
"Xander",1999,"M","GA",5
"Xavier",2000,"M","GA",135
"Xzavier",2000,"M","GA",21
"Xander",2000,"M","GA",5
"Xavier",2001,"M","GA",160
"Xzavier",2001,"M","GA",5
"Xavier",2002,"M","GA",161
"Xavion",2002,"M","GA",13
"Xander",2002,"M","GA",11
"Xzavier",2002,"M","GA",10
"Xavier",2003,"M","GA",174
"Xander",2003,"M","GA",25
"Xzavier",2003,"M","GA",8
"Xaiver",2003,"M","GA",5
"Xavier",2004,"M","GA",143
"Xander",2004,"M","GA",28
"Xzavier",2004,"M","GA",9
"Xavion",2004,"M","GA",8
"Xavier",2005,"M","GA",166
"Xander",2005,"M","GA",19
"Xzavier",2005,"M","GA",11
"Xavion",2005,"M","GA",7
"Xzavion",2005,"M","GA",6
"Xavier",2006,"M","GA",199
"Xander",2006,"M","GA",22
"Xzavier",2006,"M","GA",15
"Xavion",2006,"M","GA",12
"Xzavion",2006,"M","GA",6
"Xavier",2007,"M","GA",212
"Xander",2007,"M","GA",17
"Xzavier",2007,"M","GA",11
"Xzavion",2007,"M","GA",8
"Xavier",2008,"M","GA",191
"Xander",2008,"M","GA",26
"Xzavier",2008,"M","GA",8
"Xavion",2008,"M","GA",6
"Xaiver",2008,"M","GA",5
"Xavi",2008,"M","GA",5
"Xzavion",2008,"M","GA",5
"Xavier",2009,"M","GA",185
"Xander",2009,"M","GA",29
"Xzavier",2009,"M","GA",12
"Xavi",2009,"M","GA",6
"Xavier",2010,"M","GA",151
"Xander",2010,"M","GA",23
"Xzavier",2010,"M","GA",10
"Xavi",2010,"M","GA",8
"Xavion",2010,"M","GA",5
"Xavier",2011,"M","GA",147
"Xander",2011,"M","GA",32
"Xzavier",2011,"M","GA",16
"Xavi",2011,"M","GA",11
"Xavian",2011,"M","GA",5
"Xavion",2011,"M","GA",5
"Xavier",2012,"M","GA",114
"Xander",2012,"M","GA",34
"Xavi",2012,"M","GA",14
"Xavion",2012,"M","GA",8
"Xzavier",2012,"M","GA",7
"Xaiden",2012,"M","GA",5
"Xavier",2013,"M","GA",126
"Xander",2013,"M","GA",34
"Xzavier",2013,"M","GA",14
"Xavi",2013,"M","GA",10
"Xavion",2013,"M","GA",6
"Xavier",2014,"M","GA",147
"Xander",2014,"M","GA",33
"Xzavier",2014,"M","GA",7
"Xavi",2014,"M","GA",5
"Xavier",1997,"M","HI",7
"Xavier",1998,"M","HI",16
"Xavier",1999,"M","HI",10
"Xavier",2000,"M","HI",12
"Xavier",2001,"M","HI",16
"Xavier",2002,"M","HI",17
"Xavier",2003,"M","HI",20
"Xander",2003,"M","HI",19
"Xavier",2004,"M","HI",23
"Xander",2004,"M","HI",10
"Xavier",2005,"M","HI",18
"Xander",2005,"M","HI",7
"Xavier",2006,"M","HI",12
"Xander",2006,"M","HI",8
"Xavier",2007,"M","HI",26
"Xander",2007,"M","HI",11
"Xzavier",2007,"M","HI",6
"Xavier",2008,"M","HI",24
"Xander",2008,"M","HI",11
"Xavier",2009,"M","HI",16
"Xander",2009,"M","HI",11
"Xavier",2010,"M","HI",14
"Xavier",2011,"M","HI",24
"Xander",2011,"M","HI",11
"Xavier",2012,"M","HI",13
"Xander",2012,"M","HI",12
"Xayden",2012,"M","HI",5
"Xander",2013,"M","HI",18
"Xavier",2013,"M","HI",17
"Xander",2014,"M","HI",12
"Xavier",2014,"M","HI",12
"Ximena",2007,"F","IA",6
"Ximena",2008,"F","IA",6
"Ximena",2011,"F","IA",10
"Ximena",2012,"F","IA",5
"Ximena",2013,"F","IA",11
"Ximena",2014,"F","IA",17
"Xavier",1997,"M","IA",19
"Xavier",1998,"M","IA",11
"Xavier",1999,"M","IA",11
"Xavier",2000,"M","IA",13
"Xavier",2001,"M","IA",23
"Xander",2001,"M","IA",6
"Xavier",2002,"M","IA",29
"Xander",2002,"M","IA",9
"Xander",2003,"M","IA",27
"Xavier",2003,"M","IA",22
"Xavier",2004,"M","IA",37
"Xander",2004,"M","IA",25
"Xzavier",2004,"M","IA",5
"Xavier",2005,"M","IA",26
"Xander",2005,"M","IA",25
"Xander",2006,"M","IA",27
"Xavier",2006,"M","IA",26
"Xavier",2007,"M","IA",37
"Xander",2007,"M","IA",16
"Xavier",2008,"M","IA",43
"Xander",2008,"M","IA",22
"Xavier",2009,"M","IA",52
"Xander",2009,"M","IA",24
"Xavier",2010,"M","IA",43
"Xander",2010,"M","IA",21
"Xavier",2011,"M","IA",47
"Xander",2011,"M","IA",30
"Xzavier",2011,"M","IA",6
"Xavier",2012,"M","IA",32
"Xander",2012,"M","IA",29
"Xzavier",2012,"M","IA",5
"Xavier",2013,"M","IA",31
"Xander",2013,"M","IA",27
"Xavier",2014,"M","IA",34
"Xander",2014,"M","IA",26
"Xzavier",2014,"M","IA",5
"Ximena",2005,"F","ID",5
"Ximena",2007,"F","ID",6
"Ximena",2010,"F","ID",7
"Ximena",2011,"F","ID",9
"Ximena",2012,"F","ID",5
"Ximena",2013,"F","ID",11
"Ximena",2014,"F","ID",15
"Xavier",1997,"M","ID",8
"Xavier",2001,"M","ID",13
"Xavier",2002,"M","ID",15
"Xander",2003,"M","ID",19
"Xavier",2003,"M","ID",11
"Xander",2004,"M","ID",15
"Xavier",2004,"M","ID",9
"Xavier",2005,"M","ID",15
"Xander",2005,"M","ID",10
"Xavier",2006,"M","ID",23
"Xander",2006,"M","ID",15
"Xander",2007,"M","ID",22
"Xavier",2007,"M","ID",18
"Xander",2008,"M","ID",15
"Xavier",2008,"M","ID",12
"Xavier",2009,"M","ID",23
"Xander",2009,"M","ID",21
"Xavier",2010,"M","ID",16
"Xander",2010,"M","ID",11
"Xander",2011,"M","ID",32
"Xavier",2011,"M","ID",17
"Xander",2012,"M","ID",21
"Xavier",2012,"M","ID",20
"Xander",2013,"M","ID",28
"Xavier",2013,"M","ID",22
"Xavier",2014,"M","ID",18
"Xander",2014,"M","ID",17
"Xzavier",2014,"M","ID",5
"Xochitl",1997,"F","IL",9
"Xiomara",1997,"F","IL",6
"Xitlali",1997,"F","IL",6
"Xochilt",1997,"F","IL",6
"Xiomara",1998,"F","IL",13
"Xochitl",1998,"F","IL",8
"Xena",1998,"F","IL",6
"Xochitl",1999,"F","IL",11
"Ximena",1999,"F","IL",10
"Xiomara",1999,"F","IL",7
"Ximena",2000,"F","IL",15
"Xochitl",2000,"F","IL",13
"Xiomara",2000,"F","IL",9
"Xena",2000,"F","IL",7
"Xitlali",2000,"F","IL",6
"Ximena",2001,"F","IL",17
"Xochitl",2001,"F","IL",12
"Xitlali",2001,"F","IL",8
"Xiomara",2001,"F","IL",6
"Ximena",2002,"F","IL",30
"Xiomara",2002,"F","IL",16
"Xitlali",2002,"F","IL",14
"Xitlaly",2002,"F","IL",11
"Xochitl",2002,"F","IL",5
"Ximena",2003,"F","IL",30
"Xitlali",2003,"F","IL",11
"Xochitl",2003,"F","IL",10
"Xitlaly",2003,"F","IL",8
"Xiomara",2003,"F","IL",7
"Ximena",2004,"F","IL",46
"Xiomara",2004,"F","IL",27
"Xochitl",2004,"F","IL",19
"Xitlali",2004,"F","IL",15
"Xitlaly",2004,"F","IL",8
"Ximena",2005,"F","IL",46
"Xiomara",2005,"F","IL",15
"Xochitl",2005,"F","IL",13
"Xitlaly",2005,"F","IL",10
"Xochilt",2005,"F","IL",6
"Xitlali",2005,"F","IL",5
"Ximena",2006,"F","IL",37
"Xiomara",2006,"F","IL",24
"Xitlali",2006,"F","IL",12
"Xochitl",2006,"F","IL",12
"Xitlaly",2006,"F","IL",10
"Ximena",2007,"F","IL",41
"Xiomara",2007,"F","IL",20
"Xitlaly",2007,"F","IL",12
"Xitlali",2007,"F","IL",9
"Xochitl",2007,"F","IL",7
"Xochilt",2007,"F","IL",5
"Ximena",2008,"F","IL",60
"Xiomara",2008,"F","IL",18
"Xitlaly",2008,"F","IL",14
"Xochitl",2008,"F","IL",9
"Xitlali",2008,"F","IL",7
"Ximena",2009,"F","IL",51
"Xiomara",2009,"F","IL",15
"Xitlali",2009,"F","IL",9
"Xochitl",2009,"F","IL",9
"Xitlaly",2009,"F","IL",8
"Ximena",2010,"F","IL",80
"Xiomara",2010,"F","IL",17
"Xochitl",2010,"F","IL",9
"Xitlali",2010,"F","IL",7
"Xitlaly",2010,"F","IL",5
"Ximena",2011,"F","IL",68
"Xiomara",2011,"F","IL",8
"Xitlali",2011,"F","IL",7
"Xitlaly",2011,"F","IL",6
"Xochitl",2011,"F","IL",6
"Xoe",2011,"F","IL",5
"Ximena",2012,"F","IL",71
"Xiomara",2012,"F","IL",12
"Xitlali",2012,"F","IL",7
"Xitlaly",2012,"F","IL",6
"Xochitl",2012,"F","IL",6
"Ximena",2013,"F","IL",92
"Xiomara",2013,"F","IL",13
"Xochitl",2013,"F","IL",6
"Xitlaly",2013,"F","IL",5
"Ximena",2014,"F","IL",115
"Xitlaly",2014,"F","IL",6
"Xochitl",2014,"F","IL",6
"Xiomara",2014,"F","IL",5
"Xavier",1997,"M","IL",150
"Xzavier",1997,"M","IL",9
"Xavier",1998,"M","IL",168
"Xander",1998,"M","IL",6
"Xzavier",1998,"M","IL",5
"Xavier",1999,"M","IL",156
"Xander",1999,"M","IL",8
"Xavier",2000,"M","IL",189
"Xander",2000,"M","IL",8
"Xzavier",2000,"M","IL",8
"Xavier",2001,"M","IL",213
"Xzavier",2001,"M","IL",10
"Xander",2001,"M","IL",8
"Xavier",2002,"M","IL",190
"Xander",2002,"M","IL",12
"Xavier",2003,"M","IL",244
"Xander",2003,"M","IL",72
"Xzavier",2003,"M","IL",9
"Xavier",2004,"M","IL",190
"Xander",2004,"M","IL",52
"Xzavier",2004,"M","IL",9
"Xavier",2005,"M","IL",200
"Xander",2005,"M","IL",47
"Xavier",2006,"M","IL",245
"Xander",2006,"M","IL",51
"Xzavier",2006,"M","IL",11
"Xavion",2006,"M","IL",7
"Xavier",2007,"M","IL",278
"Xander",2007,"M","IL",41
"Xzavier",2007,"M","IL",13
"Xavion",2007,"M","IL",5
"Xavier",2008,"M","IL",277
"Xander",2008,"M","IL",40
"Xzavier",2008,"M","IL",10
"Xavion",2008,"M","IL",5
"Xavier",2009,"M","IL",264
"Xander",2009,"M","IL",59
"Xzavier",2009,"M","IL",16
"Xavion",2009,"M","IL",7
"Xavier",2010,"M","IL",240
"Xander",2010,"M","IL",49
"Xzavier",2010,"M","IL",16
"Xavi",2010,"M","IL",14
"Xavion",2010,"M","IL",7
"Xavier",2011,"M","IL",223
"Xander",2011,"M","IL",61
"Xzavier",2011,"M","IL",17
"Xavi",2011,"M","IL",14
"Xavian",2011,"M","IL",5
"Xavier",2012,"M","IL",209
"Xander",2012,"M","IL",52
"Xavi",2012,"M","IL",15
"Xzavier",2012,"M","IL",15
"Xaiden",2012,"M","IL",5
"Xavier",2013,"M","IL",193
"Xander",2013,"M","IL",46
"Xzavier",2013,"M","IL",8
"Xavi",2013,"M","IL",6
"Xavian",2013,"M","IL",5
"Xavier",2014,"M","IL",165
"Xander",2014,"M","IL",56
"Xavi",2014,"M","IL",7
"Xena",1997,"F","IN",6
"Xena",1998,"F","IN",5
"Ximena",2003,"F","IN",6
"Ximena",2005,"F","IN",12
"Ximena",2006,"F","IN",11
"Xochitl",2006,"F","IN",5
"Ximena",2007,"F","IN",12
"Xiomara",2007,"F","IN",6
"Ximena",2008,"F","IN",6
"Xiomara",2008,"F","IN",5
"Ximena",2009,"F","IN",7
"Xiomara",2009,"F","IN",6
"Ximena",2010,"F","IN",13
"Xochitl",2010,"F","IN",6
"Xiomara",2010,"F","IN",5
"Ximena",2011,"F","IN",12
"Ximena",2012,"F","IN",11
"Ximena",2013,"F","IN",24
"Ximena",2014,"F","IN",18
"Xavier",1997,"M","IN",34
"Xavier",1998,"M","IN",44
"Xavier",1999,"M","IN",64
"Xander",1999,"M","IN",8
"Xavier",2000,"M","IN",60
"Xander",2000,"M","IN",8
"Xavier",2001,"M","IN",86
"Xander",2001,"M","IN",9
"Xavier",2002,"M","IN",95
"Xander",2002,"M","IN",10
"Xavier",2003,"M","IN",103
"Xander",2003,"M","IN",49
"Xzavier",2003,"M","IN",7
"Xavier",2004,"M","IN",114
"Xander",2004,"M","IN",49
"Xavier",2005,"M","IN",113
"Xander",2005,"M","IN",48
"Xzavier",2005,"M","IN",6
"Xavier",2006,"M","IN",127
"Xander",2006,"M","IN",47
"Xzavier",2006,"M","IN",13
"Xavior",2006,"M","IN",5
"Xavier",2007,"M","IN",137
"Xander",2007,"M","IN",45
"Xzavier",2007,"M","IN",7
"Xavion",2007,"M","IN",5
"Xavier",2008,"M","IN",152
"Xander",2008,"M","IN",34
"Xzavier",2008,"M","IN",11
"Xavior",2008,"M","IN",6
"Xzavion",2008,"M","IN",5
"Xavier",2009,"M","IN",128
"Xander",2009,"M","IN",45
"Xzavier",2009,"M","IN",9
"Xavion",2009,"M","IN",5
"Xavier",2010,"M","IN",156
"Xander",2010,"M","IN",45
"Xzavier",2010,"M","IN",13
"Xavier",2011,"M","IN",141
"Xander",2011,"M","IN",61
"Xzavier",2011,"M","IN",16
"Xavier",2012,"M","IN",125
"Xander",2012,"M","IN",51
"Xzavier",2012,"M","IN",9
"Xavier",2013,"M","IN",119
"Xander",2013,"M","IN",65
"Xzavier",2013,"M","IN",14
"Xavier",2014,"M","IN",146
"Xander",2014,"M","IN",47
"Xzavier",2014,"M","IN",12
"Xavi",2014,"M","IN",5
"Ximena",2005,"F","KS",8
"Ximena",2006,"F","KS",8
"Ximena",2007,"F","KS",9
"Ximena",2008,"F","KS",11
"Ximena",2009,"F","KS",15
"Ximena",2010,"F","KS",17
"Ximena",2011,"F","KS",19
"Ximena",2012,"F","KS",12
"Ximena",2013,"F","KS",18
"Ximena",2014,"F","KS",23
"Xavier",1997,"M","KS",14
"Xavier",1998,"M","KS",39
"Xavier",1999,"M","KS",39
"Xavier",2000,"M","KS",42
"Xavier",2001,"M","KS",35
"Xavier",2002,"M","KS",53
"Xander",2002,"M","KS",10
"Xavier",2003,"M","KS",56
"Xander",2003,"M","KS",19
"Xavier",2004,"M","KS",45
"Xander",2004,"M","KS",18
"Xavier",2005,"M","KS",53
"Xander",2005,"M","KS",23
"Xavier",2006,"M","KS",65
"Xander",2006,"M","KS",17
"Xavier",2007,"M","KS",70
"Xander",2007,"M","KS",16
"Xzavier",2007,"M","KS",5
"Xavier",2008,"M","KS",66
"Xander",2008,"M","KS",21
"Xavier",2009,"M","KS",62
"Xander",2009,"M","KS",27
"Xavier",2010,"M","KS",57
"Xander",2010,"M","KS",41
"Xzavier",2010,"M","KS",8
"Xavier",2011,"M","KS",48
"Xander",2011,"M","KS",21
"Xzavier",2011,"M","KS",6
"Xavier",2012,"M","KS",56
"Xander",2012,"M","KS",24
"Xavier",2013,"M","KS",54
"Xander",2013,"M","KS",23
"Xavi",2013,"M","KS",5
"Xavier",2014,"M","KS",40
"Xander",2014,"M","KS",24
"Xena",1997,"F","KY",6
"Xavier",2004,"F","KY",10
"Xander",2004,"F","KY",6
"Ximena",2005,"F","KY",6
"Xiomara",2011,"F","KY",5
"Ximena",2013,"F","KY",10
"Ximena",2014,"F","KY",6
"Xavier",1997,"M","KY",19
"Xavier",1998,"M","KY",11
"Xavier",1999,"M","KY",29
"Xavier",2000,"M","KY",19
"Xavier",2001,"M","KY",33
"Xavier",2002,"M","KY",50
"Xavier",2003,"M","KY",49
"Xander",2003,"M","KY",19
"Xavier",2004,"M","KY",39
"Xander",2004,"M","KY",16
"Xavier",2005,"M","KY",38
"Xander",2005,"M","KY",24
"Xavion",2005,"M","KY",5
"Xavier",2006,"M","KY",58
"Xander",2006,"M","KY",25
"Xavier",2007,"M","KY",61
"Xander",2007,"M","KY",21
"Xzavier",2007,"M","KY",7
"Xavion",2007,"M","KY",5
"Xavier",2008,"M","KY",60
"Xander",2008,"M","KY",17
"Xavier",2009,"M","KY",91
"Xander",2009,"M","KY",31
"Xzavier",2009,"M","KY",6
"Xavier",2010,"M","KY",76
"Xander",2010,"M","KY",21
"Xavi",2010,"M","KY",5
"Xavier",2011,"M","KY",74
"Xander",2011,"M","KY",30
"Xzavier",2011,"M","KY",5
"Xavier",2012,"M","KY",67
"Xander",2012,"M","KY",30
"Xavier",2013,"M","KY",74
"Xander",2013,"M","KY",33
"Xzavier",2013,"M","KY",6
"Xavier",2014,"M","KY",69
"Xander",2014,"M","KY",38
"Ximena",2010,"F","LA",5
"Ximena",2013,"F","LA",6
"Xavier",1997,"M","LA",50
"Xzavier",1997,"M","LA",6
"Xavier",1998,"M","LA",53
"Xzavier",1998,"M","LA",5
"Xavier",1999,"M","LA",49
"Xzavier",1999,"M","LA",5
"Xavier",2000,"M","LA",67
"Xzavier",2000,"M","LA",8
"Xavier",2001,"M","LA",46
"Xavier",2002,"M","LA",68
"Xavier",2003,"M","LA",60
"Xander",2003,"M","LA",18
"Xzavier",2003,"M","LA",5
"Xavier",2004,"M","LA",75
"Xander",2004,"M","LA",10
"Xzavier",2004,"M","LA",6
"Xavier",2005,"M","LA",66
"Xander",2005,"M","LA",16
"Xzavier",2005,"M","LA",6
"Xavier",2006,"M","LA",87
"Xander",2006,"M","LA",10
"Xzavier",2006,"M","LA",6
"Xavier",2007,"M","LA",87
"Xander",2007,"M","LA",13
"Xzavier",2007,"M","LA",7
"Xavier",2008,"M","LA",76
"Xander",2008,"M","LA",22
"Xzavier",2008,"M","LA",8
"Xavier",2009,"M","LA",70
"Xander",2009,"M","LA",21
"Xzavier",2009,"M","LA",8
"Xavier",2010,"M","LA",45
"Xander",2010,"M","LA",13
"Xaiden",2010,"M","LA",7
"Xavion",2010,"M","LA",6
"Xavier",2011,"M","LA",48
"Xander",2011,"M","LA",24
"Xzavier",2011,"M","LA",5
"Xavier",2012,"M","LA",55
"Xander",2012,"M","LA",14
"Xzavier",2012,"M","LA",9
"Xavier",2013,"M","LA",56
"Xander",2013,"M","LA",18
"Xzavier",2013,"M","LA",5
"Xavier",2014,"M","LA",50
"Xander",2014,"M","LA",19
"Xzavier",2014,"M","LA",6
"Xiomara",1997,"F","MA",5
"Xiomara",1998,"F","MA",10
"Xiomara",1999,"F","MA",5
"Xiomara",2002,"F","MA",6
"Xiomara",2004,"F","MA",6
"Xiomara",2006,"F","MA",5
"Xavier",1997,"M","MA",51
"Xavier",1998,"M","MA",68
"Xavier",1999,"M","MA",70
"Xavier",2000,"M","MA",65
"Xavier",2001,"M","MA",80
"Xavier",2002,"M","MA",104
"Xander",2002,"M","MA",5
"Xavian",2002,"M","MA",5
"Xzavier",2002,"M","MA",5
"Xavier",2003,"M","MA",115
"Xander",2003,"M","MA",6
"Xavier",2004,"M","MA",98
"Xavier",2005,"M","MA",102
"Xander",2005,"M","MA",13
"Xzavier",2005,"M","MA",6
"Xavier",2006,"M","MA",102
"Xander",2006,"M","MA",15
"Xzavier",2006,"M","MA",8
"Xavian",2006,"M","MA",6
"Xavier",2007,"M","MA",123
"Xzavier",2007,"M","MA",6
"Xavier",2008,"M","MA",120
"Xander",2008,"M","MA",9
"Xavian",2008,"M","MA",8
"Xavier",2009,"M","MA",125
"Xander",2009,"M","MA",13
"Xzavier",2009,"M","MA",8
"Xavian",2009,"M","MA",7
"Xavier",2010,"M","MA",115
"Xander",2010,"M","MA",12
"Xzavier",2010,"M","MA",8
"Xavian",2010,"M","MA",5
"Xavier",2011,"M","MA",100
"Xander",2011,"M","MA",13
"Xavi",2011,"M","MA",5
"Xzavier",2011,"M","MA",5
"Xavier",2012,"M","MA",91
"Xander",2012,"M","MA",11
"Xavian",2012,"M","MA",6
"Xzavier",2012,"M","MA",5
"Xavier",2013,"M","MA",84
"Xander",2013,"M","MA",10
"Xavi",2013,"M","MA",7
"Xzavier",2013,"M","MA",6
"Xavier",2014,"M","MA",76
"Xander",2014,"M","MA",42
"Xiomara",2005,"F","MD",9
"Xiomara",2007,"F","MD",9
"Xiomara",2008,"F","MD",6
"Ximena",2010,"F","MD",5
"Ximena",2011,"F","MD",6
"Ximena",2012,"F","MD",6
"Ximena",2014,"F","MD",10
"Xavier",1997,"M","MD",41
"Xavier",1998,"M","MD",49
"Xavier",1999,"M","MD",55
"Xavier",2000,"M","MD",61
"Xzavier",2000,"M","MD",6
"Xavier",2001,"M","MD",66
"Xavier",2002,"M","MD",97
"Xavion",2002,"M","MD",6
"Xavier",2003,"M","MD",95
"Xander",2003,"M","MD",12
"Xavier",2004,"M","MD",100
"Xander",2004,"M","MD",10
"Xavier",2005,"M","MD",90
"Xander",2005,"M","MD",11
"Xzavier",2005,"M","MD",6
"Xavier",2006,"M","MD",118
"Xzavier",2006,"M","MD",11
"Xander",2006,"M","MD",8
"Xavier",2007,"M","MD",115
"Xander",2007,"M","MD",17
"Xavier",2008,"M","MD",119
"Xander",2008,"M","MD",12
"Xzavier",2008,"M","MD",8
"Xavier",2009,"M","MD",145
"Xander",2009,"M","MD",19
"Xavi",2009,"M","MD",7
"Xzavier",2009,"M","MD",6
"Xavier",2010,"M","MD",119
"Xander",2010,"M","MD",16
"Xzavier",2010,"M","MD",7
"Xavier",2011,"M","MD",122
"Xander",2011,"M","MD",19
"Xzavier",2011,"M","MD",8
"Xavi",2011,"M","MD",5
"Xavier",2012,"M","MD",120
"Xander",2012,"M","MD",18
"Xzavier",2012,"M","MD",5
"Xavier",2013,"M","MD",98
"Xander",2013,"M","MD",20
"Xzavier",2013,"M","MD",5
"Xavier",2014,"M","MD",98
"Xander",2014,"M","MD",15
"Xavier",1998,"M","ME",5
"Xavier",2000,"M","ME",8
"Xavier",2001,"M","ME",9
"Xavier",2002,"M","ME",8
"Xavier",2003,"M","ME",15
"Xander",2003,"M","ME",7
"Xavier",2004,"M","ME",17
"Xander",2004,"M","ME",8
"Xander",2005,"M","ME",10
"Xavier",2005,"M","ME",10
"Xavier",2006,"M","ME",21
"Xander",2006,"M","ME",8
"Xavier",2007,"M","ME",16
"Xavier",2008,"M","ME",18
"Xavier",2009,"M","ME",11
"Xander",2009,"M","ME",6
"Xavier",2010,"M","ME",19
"Xander",2010,"M","ME",10
"Xavier",2011,"M","ME",13
"Xander",2011,"M","ME",9
"Xavier",2012,"M","ME",12
"Xander",2012,"M","ME",10
"Xavier",2013,"M","ME",17
"Xander",2013,"M","ME",13
"Xavier",2014,"M","ME",16
"Xander",2014,"M","ME",10
"Ximena",2004,"F","MI",8
"Xiomara",2004,"F","MI",8
"Ximena",2005,"F","MI",7
"Ximena",2006,"F","MI",7
"Xiomara",2006,"F","MI",5
"Ximena",2007,"F","MI",7
"Ximena",2008,"F","MI",10
"Xiomara",2008,"F","MI",6
"Ximena",2009,"F","MI",6
"Xiomara",2009,"F","MI",5
"Ximena",2010,"F","MI",8
"Ximena",2011,"F","MI",7
"Ximena",2012,"F","MI",12
"Ximena",2013,"F","MI",10
"Ximena",2014,"F","MI",25
"Xavier",1997,"M","MI",73
"Xavier",1998,"M","MI",58
"Xavier",1999,"M","MI",77
"Xavier",2000,"M","MI",88
"Xavier",2001,"M","MI",109
"Xander",2001,"M","MI",9
"Xzavier",2001,"M","MI",8
"Xavier",2002,"M","MI",120
"Xander",2002,"M","MI",29
"Xzavier",2002,"M","MI",7
"Xavion",2002,"M","MI",6
"Xavier",2003,"M","MI",167
"Xander",2003,"M","MI",64
"Xzavier",2003,"M","MI",11
"Xavier",2004,"M","MI",150
"Xander",2004,"M","MI",73
"Xzavier",2004,"M","MI",18
"Xavion",2004,"M","MI",5
"Xavier",2005,"M","MI",157
"Xander",2005,"M","MI",49
"Xzavier",2005,"M","MI",8
"Xavier",2006,"M","MI",187
"Xander",2006,"M","MI",53
"Xzavier",2006,"M","MI",8
"Xavier",2007,"M","MI",186
"Xander",2007,"M","MI",44
"Xzavier",2007,"M","MI",11
"Xavier",2008,"M","MI",183
"Xander",2008,"M","MI",48
"Xzavier",2008,"M","MI",13
"Xavier",2009,"M","MI",180
"Xander",2009,"M","MI",62
"Xzavier",2009,"M","MI",14
"Xavior",2009,"M","MI",7
"Xavier",2010,"M","MI",192
"Xander",2010,"M","MI",49
"Xzavier",2010,"M","MI",14
"Xzavion",2010,"M","MI",7
"Xavion",2010,"M","MI",5
"Xavier",2011,"M","MI",180
"Xander",2011,"M","MI",64
"Xzavier",2011,"M","MI",13
"Xavier",2012,"M","MI",153
"Xander",2012,"M","MI",52
"Xzavier",2012,"M","MI",22
"Xavier",2013,"M","MI",169
"Xander",2013,"M","MI",66
"Xzavier",2013,"M","MI",12
"Xavion",2013,"M","MI",5
"Xavier",2014,"M","MI",154
"Xander",2014,"M","MI",58
"Xzavier",2014,"M","MI",12
"Xavien",2014,"M","MI",5
"Ximena",2005,"F","MN",8
"Ximena",2006,"F","MN",6
"Ximena",2007,"F","MN",6
"Ximena",2008,"F","MN",7
"Xiomara",2008,"F","MN",6
"Ximena",2010,"F","MN",8
"Ximena",2011,"F","MN",12
"Ximena",2012,"F","MN",10
"Ximena",2013,"F","MN",12
"Xochitl",2013,"F","MN",5
"Ximena",2014,"F","MN",13
"Xavier",1997,"M","MN",15
"Xavier",1998,"M","MN",26
"Xavier",1999,"M","MN",28
"Xavier",2000,"M","MN",20
"Xander",2000,"M","MN",5
"Xavier",2001,"M","MN",37
"Xavier",2002,"M","MN",39
"Xander",2002,"M","MN",5
"Xavier",2003,"M","MN",57
"Xander",2003,"M","MN",25
"Xavier",2004,"M","MN",38
"Xander",2004,"M","MN",33
"Xavier",2005,"M","MN",41
"Xander",2005,"M","MN",21
"Xavier",2006,"M","MN",70
"Xander",2006,"M","MN",26
"Xavier",2007,"M","MN",63
"Xander",2007,"M","MN",24
"Xavion",2007,"M","MN",5
"Xavier",2008,"M","MN",67
"Xander",2008,"M","MN",37
"Xavier",2009,"M","MN",66
"Xander",2009,"M","MN",26
"Xzavier",2009,"M","MN",6
"Xavier",2010,"M","MN",52
"Xander",2010,"M","MN",26
"Xavier",2011,"M","MN",58
"Xander",2011,"M","MN",26
"Xavier",2012,"M","MN",64
"Xander",2012,"M","MN",38
"Xzavier",2012,"M","MN",7
"Xavier",2013,"M","MN",53
"Xander",2013,"M","MN",23
"Xzavier",2013,"M","MN",6
"Xavier",2014,"M","MN",56
"Xander",2014,"M","MN",34
"Xena",1998,"F","MO",6
"Ximena",2005,"F","MO",5
"Ximena",2007,"F","MO",5
"Ximena",2009,"F","MO",7
"Ximena",2010,"F","MO",6
"Ximena",2011,"F","MO",6
"Ximena",2012,"F","MO",5
"Ximena",2013,"F","MO",13
"Ximena",2014,"F","MO",9
"Xavier",1997,"M","MO",27
"Xavier",1998,"M","MO",35
"Xavier",1999,"M","MO",34
"Xander",1999,"M","MO",5
"Xavier",2000,"M","MO",44
"Xzavier",2000,"M","MO",5
"Xavier",2001,"M","MO",62
"Xander",2001,"M","MO",7
"Xavier",2002,"M","MO",88
"Xander",2002,"M","MO",11
"Xavion",2002,"M","MO",5
"Xavier",2003,"M","MO",76
"Xander",2003,"M","MO",40
"Xzavier",2003,"M","MO",5
"Xavier",2004,"M","MO",83
"Xander",2004,"M","MO",40
"Xzavier",2004,"M","MO",5
"Xavier",2005,"M","MO",84
"Xander",2005,"M","MO",43
"Xavier",2006,"M","MO",127
"Xander",2006,"M","MO",33
"Xzavier",2006,"M","MO",14
"Xavion",2006,"M","MO",5
"Xavier",2007,"M","MO",110
"Xander",2007,"M","MO",37
"Xzavier",2007,"M","MO",6
"Xavier",2008,"M","MO",127
"Xander",2008,"M","MO",44
"Xzavier",2008,"M","MO",12
"Xavier",2009,"M","MO",104
"Xander",2009,"M","MO",33
"Xzavier",2009,"M","MO",5
"Xavier",2010,"M","MO",107
"Xander",2010,"M","MO",40
"Xzavier",2010,"M","MO",10
"Xavian",2010,"M","MO",5
"Xavier",2011,"M","MO",87
"Xander",2011,"M","MO",43
"Xzavier",2011,"M","MO",6
"Xavier",2012,"M","MO",98
"Xander",2012,"M","MO",55
"Xavier",2013,"M","MO",92
"Xander",2013,"M","MO",50
"Xzavier",2013,"M","MO",5
"Xavier",2014,"M","MO",87
"Xander",2014,"M","MO",32
"Xzavier",2014,"M","MO",11
"Ximena",2013,"F","MS",7
"Xavier",1997,"M","MS",40
"Xzavier",1997,"M","MS",5
"Xavier",1998,"M","MS",52
"Xavier",1999,"M","MS",58
"Xzavier",1999,"M","MS",7
"Xavier",2000,"M","MS",71
"Xavier",2001,"M","MS",48
"Xzavier",2001,"M","MS",6
"Xavier",2002,"M","MS",65
"Xavier",2003,"M","MS",55
"Xander",2003,"M","MS",10
"Xavian",2003,"M","MS",5
"Xavier",2004,"M","MS",49
"Xavier",2005,"M","MS",40
"Xander",2005,"M","MS",8
"Xzavier",2005,"M","MS",5
"Xavier",2006,"M","MS",52
"Xander",2006,"M","MS",11
"Xzavier",2006,"M","MS",8
"Xavier",2007,"M","MS",43
"Xander",2007,"M","MS",9
"Xzavier",2007,"M","MS",6
"Xzavion",2007,"M","MS",6
"Xavier",2008,"M","MS",41
"Xzavier",2008,"M","MS",6
"Xzavion",2008,"M","MS",6
"Xavier",2009,"M","MS",47
"Xander",2009,"M","MS",8
"Xavion",2009,"M","MS",7
"Xavier",2010,"M","MS",26
"Xzavier",2010,"M","MS",7
"Xavier",2011,"M","MS",25
"Xander",2011,"M","MS",7
"Xavier",2012,"M","MS",38
"Xander",2012,"M","MS",8
"Xavier",2013,"M","MS",24
"Xander",2013,"M","MS",10
"Xavier",2014,"M","MS",26
"Xander",2014,"M","MS",6
"Xavier",1997,"M","MT",6
"Xavier",1999,"M","MT",5
"Xavier",2000,"M","MT",6
"Xavier",2001,"M","MT",5
"Xavier",2002,"M","MT",5
"Xander",2003,"M","MT",14
"Xander",2004,"M","MT",13
"Xavier",2004,"M","MT",9
"Xavier",2005,"M","MT",10
"Xander",2005,"M","MT",6
"Xavier",2006,"M","MT",13
"Xander",2006,"M","MT",5
"Xavier",2007,"M","MT",11
"Xander",2007,"M","MT",7
"Xander",2008,"M","MT",11
"Xavier",2008,"M","MT",10
"Xander",2009,"M","MT",10
"Xavier",2009,"M","MT",10
"Xavier",2010,"M","MT",15
"Xander",2010,"M","MT",9
"Xander",2011,"M","MT",15
"Xavier",2011,"M","MT",7
"Xander",2012,"M","MT",9
"Xavier",2012,"M","MT",6
"Xander",2013,"M","MT",12
"Xavier",2013,"M","MT",10
"Xavier",2014,"M","MT",11
"Xander",2014,"M","MT",7
"Xena",1998,"F","NC",5
"Xena",2000,"F","NC",5
"Ximena",2001,"F","NC",9
"Xochitl",2001,"F","NC",5
"Xiomara",2002,"F","NC",9
"Ximena",2002,"F","NC",8
"Ximena",2003,"F","NC",13
"Ximena",2004,"F","NC",21
"Xiomara",2004,"F","NC",5
"Ximena",2005,"F","NC",22
"Xiomara",2005,"F","NC",6
"Ximena",2006,"F","NC",15
"Xiomara",2006,"F","NC",10
"Ximena",2007,"F","NC",18
"Xiomara",2007,"F","NC",13
"Ximena",2008,"F","NC",11
"Xiomara",2008,"F","NC",9
"Ximena",2009,"F","NC",29
"Xiomara",2009,"F","NC",5
"Ximena",2010,"F","NC",22
"Ximena",2011,"F","NC",24
"Ximena",2012,"F","NC",33
"Xiomara",2012,"F","NC",5
"Ximena",2013,"F","NC",33
"Ximena",2014,"F","NC",40
"Xavier",1997,"M","NC",81
"Xzavier",1997,"M","NC",8
"Xavier",1998,"M","NC",106
"Xzavier",1998,"M","NC",9
"Xavier",1999,"M","NC",109
"Xzavier",1999,"M","NC",6
"Xavier",2000,"M","NC",122
"Xzavier",2000,"M","NC",10
"Xavier",2001,"M","NC",118
"Xander",2001,"M","NC",6
"Xzavier",2001,"M","NC",5
"Xavier",2002,"M","NC",154
"Xander",2002,"M","NC",12
"Xzavier",2002,"M","NC",12
"Xavion",2002,"M","NC",7
"Xavier",2003,"M","NC",144
"Xander",2003,"M","NC",36
"Xzavier",2003,"M","NC",11
"Xavion",2003,"M","NC",8
"Xavier",2004,"M","NC",173
"Xander",2004,"M","NC",42
"Xzavier",2004,"M","NC",12
"Xavien",2004,"M","NC",5
"Xavier",2005,"M","NC",110
"Xander",2005,"M","NC",25
"Xzavier",2005,"M","NC",18
"Xzavion",2005,"M","NC",8
"Xavion",2005,"M","NC",7
"Xavier",2006,"M","NC",172
"Xander",2006,"M","NC",30
"Xzavier",2006,"M","NC",16
"Xavion",2006,"M","NC",11
"Xzavion",2006,"M","NC",6
"Xavier",2007,"M","NC",184
"Xander",2007,"M","NC",26
"Xzavier",2007,"M","NC",20
"Xavion",2007,"M","NC",9
"Xzavion",2007,"M","NC",7
"Xavier",2008,"M","NC",182
"Xander",2008,"M","NC",30
"Xzavier",2008,"M","NC",26
"Xavion",2008,"M","NC",6
"Xzavion",2008,"M","NC",6
"Xavier",2009,"M","NC",190
"Xander",2009,"M","NC",43
"Xzavier",2009,"M","NC",16
"Xavion",2009,"M","NC",12
"Xavier",2010,"M","NC",139
"Xander",2010,"M","NC",34
"Xzavier",2010,"M","NC",18
"Xavi",2010,"M","NC",12
"Xavion",2010,"M","NC",9
"Xzavion",2010,"M","NC",5
"Xavier",2011,"M","NC",144
"Xander",2011,"M","NC",65
"Xzavier",2011,"M","NC",17
"Xavion",2011,"M","NC",7
"Xavi",2011,"M","NC",6
"Xavier",2012,"M","NC",150
"Xander",2012,"M","NC",49
"Xavi",2012,"M","NC",15
"Xzavier",2012,"M","NC",8
"Xavier",2013,"M","NC",111
"Xander",2013,"M","NC",47
"Xzavier",2013,"M","NC",14
"Xavi",2013,"M","NC",7
"Xavier",2014,"M","NC",123
"Xander",2014,"M","NC",38
"Xzavier",2014,"M","NC",8
"Xavi",2014,"M","NC",7
"Xavier",1998,"M","ND",5
"Xavier",1999,"M","ND",8
"Xavier",2000,"M","ND",5
"Xavier",2001,"M","ND",9
"Xavier",2002,"M","ND",13
"Xander",2003,"M","ND",8
"Xavier",2003,"M","ND",8
"Xavier",2004,"M","ND",14
"Xander",2004,"M","ND",10
"Xander",2005,"M","ND",11
"Xavier",2005,"M","ND",9
"Xander",2006,"M","ND",8
"Xavier",2006,"M","ND",8
"Xavier",2007,"M","ND",15
"Xander",2007,"M","ND",6
"Xavier",2008,"M","ND",10
"Xander",2008,"M","ND",9
"Xavier",2009,"M","ND",9
"Xander",2009,"M","ND",6
"Xander",2010,"M","ND",7
"Xavier",2010,"M","ND",7
"Xavier",2011,"M","ND",11
"Xander",2011,"M","ND",6
"Xavier",2012,"M","ND",12
"Xander",2012,"M","ND",5
"Xavier",2013,"M","ND",15
"Xander",2013,"M","ND",7
"Xander",2014,"M","ND",8
"Xavier",2014,"M","ND",8
"Ximena",2008,"F","NE",8
"Ximena",2010,"F","NE",12
"Ximena",2011,"F","NE",8
"Xiomara",2011,"F","NE",5
"Ximena",2012,"F","NE",8
"Ximena",2013,"F","NE",11
"Ximena",2014,"F","NE",18
"Xavier",1997,"M","NE",11
"Xavier",1998,"M","NE",12
"Xavier",1999,"M","NE",11
"Xavier",2000,"M","NE",16
"Xavier",2001,"M","NE",22
"Xavier",2002,"M","NE",21
"Xavier",2003,"M","NE",33
"Xander",2003,"M","NE",16
"Xavier",2004,"M","NE",24
"Xander",2004,"M","NE",18
"Xavier",2005,"M","NE",26
"Xander",2005,"M","NE",20
"Xavier",2006,"M","NE",37
"Xander",2006,"M","NE",13
"Xavier",2007,"M","NE",47
"Xander",2007,"M","NE",18
"Xavier",2008,"M","NE",39
"Xander",2008,"M","NE",10
"Xavier",2009,"M","NE",45
"Xander",2009,"M","NE",18
"Xavier",2010,"M","NE",38
"Xander",2010,"M","NE",16
"Xavier",2011,"M","NE",37
"Xander",2011,"M","NE",25
"Xavier",2012,"M","NE",31
"Xander",2012,"M","NE",15
"Xavier",2013,"M","NE",28
"Xander",2013,"M","NE",12
"Xavier",2014,"M","NE",34
"Xander",2014,"M","NE",22
"Xavier",1997,"M","NH",5
"Xavier",1998,"M","NH",8
"Xavier",2000,"M","NH",8
"Xavier",2001,"M","NH",5
"Xavier",2002,"M","NH",16
"Xavier",2003,"M","NH",22
"Xavier",2004,"M","NH",8
"Xander",2004,"M","NH",7
"Xavier",2005,"M","NH",16
"Xander",2005,"M","NH",9
"Xavier",2006,"M","NH",17
"Xander",2006,"M","NH",7
"Xavier",2007,"M","NH",15
"Xavier",2008,"M","NH",14
"Xavier",2009,"M","NH",20
"Xavier",2010,"M","NH",13
"Xander",2010,"M","NH",5
"Xavier",2011,"M","NH",18
"Xander",2011,"M","NH",10
"Xavier",2012,"M","NH",14
"Xavier",2013,"M","NH",21
"Xander",2013,"M","NH",8
"Xavier",2014,"M","NH",24
"Xiomara",1997,"F","NJ",10
"Xena",1997,"F","NJ",9
"Xiomara",1998,"F","NJ",9
"Xiomara",2000,"F","NJ",8
"Xiomara",2001,"F","NJ",8
"Xiomara",2002,"F","NJ",6
"Xiomara",2003,"F","NJ",9
"Ximena",2003,"F","NJ",7
"Xiomara",2004,"F","NJ",19
"Ximena",2004,"F","NJ",5
"Xiomara",2005,"F","NJ",19
"Ximena",2005,"F","NJ",10
"Xochitl",2005,"F","NJ",5
"Xiomara",2006,"F","NJ",21
"Ximena",2006,"F","NJ",8
"Xiomara",2007,"F","NJ",12
"Xiomara",2008,"F","NJ",17
"Ximena",2008,"F","NJ",8
"Xiomara",2009,"F","NJ",11
"Ximena",2009,"F","NJ",9
"Xiomara",2010,"F","NJ",12
"Ximena",2011,"F","NJ",11
"Xiomara",2011,"F","NJ",5
"Xiomara",2012,"F","NJ",12
"Ximena",2012,"F","NJ",7
"Ximena",2013,"F","NJ",21
"Xiomara",2013,"F","NJ",7
"Ximena",2014,"F","NJ",22
"Xiomara",2014,"F","NJ",7
"Xavier",1997,"M","NJ",77
"Xavier",1998,"M","NJ",86
"Xavier",1999,"M","NJ",94
"Xavier",2000,"M","NJ",113
"Xavier",2001,"M","NJ",119
"Xzavier",2001,"M","NJ",6
"Xavier",2002,"M","NJ",165
"Xzavier",2002,"M","NJ",8
"Xander",2002,"M","NJ",6
"Xavier",2003,"M","NJ",148
"Xander",2003,"M","NJ",15
"Xzavier",2003,"M","NJ",13
"Xavier",2004,"M","NJ",163
"Xander",2004,"M","NJ",13
"Xzavier",2004,"M","NJ",6
"Xavier",2005,"M","NJ",154
"Xander",2005,"M","NJ",8
"Xzavier",2005,"M","NJ",8
"Xavier",2006,"M","NJ",176
"Xander",2006,"M","NJ",10
"Xzavier",2006,"M","NJ",9
"Xavier",2007,"M","NJ",207
"Xander",2007,"M","NJ",20
"Xzavier",2007,"M","NJ",10
"Xavier",2008,"M","NJ",195
"Xander",2008,"M","NJ",19
"Xzavier",2008,"M","NJ",7
"Xavier",2009,"M","NJ",202
"Xander",2009,"M","NJ",15
"Xzavier",2009,"M","NJ",12
"Xzavion",2009,"M","NJ",6
"Xavier",2010,"M","NJ",155
"Xander",2010,"M","NJ",17
"Xzavier",2010,"M","NJ",10
"Xavi",2010,"M","NJ",6
"Xavier",2011,"M","NJ",135
"Xander",2011,"M","NJ",22
"Xzavier",2011,"M","NJ",16
"Xavier",2012,"M","NJ",151
"Xander",2012,"M","NJ",27
"Xzavier",2012,"M","NJ",8
"Xavi",2012,"M","NJ",5
"Xavier",2013,"M","NJ",140
"Xander",2013,"M","NJ",24
"Xavi",2013,"M","NJ",8
"Xzavier",2013,"M","NJ",7
"Xavier",2014,"M","NJ",134
"Xander",2014,"M","NJ",19
"Xzavier",2014,"M","NJ",8
"Xavi",2014,"M","NJ",5
"Ximena",2002,"F","NM",9
"Ximena",2003,"F","NM",9
"Ximena",2004,"F","NM",15
"Ximena",2005,"F","NM",11
"Ximena",2006,"F","NM",13
"Ximena",2007,"F","NM",14
"Ximena",2008,"F","NM",8
"Xiomara",2008,"F","NM",5
"Xochitl",2008,"F","NM",5
"Ximena",2009,"F","NM",16
"Ximena",2010,"F","NM",15
"Ximena",2011,"F","NM",11
"Ximena",2012,"F","NM",29
"Ximena",2013,"F","NM",33
"Ximena",2014,"F","NM",30
"Xavier",1997,"M","NM",35
"Xavier",1998,"M","NM",46
"Xavier",1999,"M","NM",47
"Xavier",2000,"M","NM",45
"Xavier",2001,"M","NM",67
"Xavier",2002,"M","NM",63
"Xavier",2003,"M","NM",81
"Xander",2003,"M","NM",18
"Xzavier",2003,"M","NM",6
"Xavier",2004,"M","NM",74
"Xander",2004,"M","NM",13
"Xavier",2005,"M","NM",83
"Xander",2005,"M","NM",8
"Xzavier",2005,"M","NM",5
"Xavier",2006,"M","NM",94
"Xander",2006,"M","NM",10
"Xzavier",2006,"M","NM",10
"Xavier",2007,"M","NM",95
"Xander",2007,"M","NM",13
"Xzavier",2007,"M","NM",5
"Xavier",2008,"M","NM",86
"Xander",2008,"M","NM",13
"Xavier",2009,"M","NM",75
"Xander",2009,"M","NM",8
"Xzavier",2009,"M","NM",6
"Xavier",2010,"M","NM",84
"Xander",2010,"M","NM",20
"Xavier",2011,"M","NM",69
"Xander",2011,"M","NM",12
"Xzavier",2011,"M","NM",6
"Xavier",2012,"M","NM",78
"Xzavier",2012,"M","NM",13
"Xander",2012,"M","NM",12
"Xavier",2013,"M","NM",71
"Xander",2013,"M","NM",14
"Xzavier",2013,"M","NM",8
"Xavier",2014,"M","NM",53
"Xander",2014,"M","NM",22
"Xzavier",2014,"M","NM",8
"Xena",1997,"F","NV",5
"Ximena",2001,"F","NV",5
"Xochitl",2002,"F","NV",5
"Xiomara",2003,"F","NV",6
"Ximena",2003,"F","NV",5
"Ximena",2004,"F","NV",10
"Xitlali",2004,"F","NV",6
"Xiomara",2004,"F","NV",5
"Ximena",2005,"F","NV",16
"Xiomara",2005,"F","NV",6
"Ximena",2006,"F","NV",11
"Ximena",2007,"F","NV",17
"Ximena",2008,"F","NV",12
"Xiomara",2008,"F","NV",7
"Xochitl",2008,"F","NV",6
"Ximena",2009,"F","NV",17
"Xiomara",2009,"F","NV",7
"Ximena",2010,"F","NV",18
"Xochitl",2010,"F","NV",7
"Xiomara",2010,"F","NV",5
"Ximena",2011,"F","NV",26
"Ximena",2012,"F","NV",17
"Ximena",2013,"F","NV",36
"Ximena",2014,"F","NV",41
"Xiomara",2014,"F","NV",8
"Xavier",1997,"M","NV",11
"Xavier",1998,"M","NV",21
"Xavier",1999,"M","NV",27
"Xavier",2000,"M","NV",29
"Xavier",2001,"M","NV",34
"Xavier",2002,"M","NV",37
"Xavier",2003,"M","NV",51
"Xander",2003,"M","NV",16
"Xavier",2004,"M","NV",53
"Xander",2004,"M","NV",15
"Xavier",2005,"M","NV",40
"Xander",2005,"M","NV",11
"Xavier",2006,"M","NV",48
"Xander",2006,"M","NV",17
"Xzavier",2006,"M","NV",8
"Xavier",2007,"M","NV",75
"Xander",2007,"M","NV",18
"Xavier",2008,"M","NV",65
"Xander",2008,"M","NV",14
"Xavier",2009,"M","NV",53
"Xander",2009,"M","NV",19
"Xzavier",2009,"M","NV",5
"Xavier",2010,"M","NV",49
"Xander",2010,"M","NV",14
"Xzavier",2010,"M","NV",7
"Xavier",2011,"M","NV",48
"Xander",2011,"M","NV",21
"Xavi",2011,"M","NV",5
"Xavier",2012,"M","NV",89
"Xander",2012,"M","NV",16
"Xzavier",2012,"M","NV",7
"Xavier",2013,"M","NV",60
"Xander",2013,"M","NV",20
"Xavi",2013,"M","NV",6
"Xzavier",2013,"M","NV",6
"Xavier",2014,"M","NV",48
"Xander",2014,"M","NV",26
"Xena",1997,"F","NY",28
"Xiomara",1997,"F","NY",20
"Xenia",1997,"F","NY",6
"Xiomara",1998,"F","NY",13
"Xena",1998,"F","NY",8
"Xenia",1998,"F","NY",7
"Xiara",1998,"F","NY",5
"Xochitl",1998,"F","NY",5
"Xiomara",1999,"F","NY",17
"Xena",1999,"F","NY",7
"Xin",1999,"F","NY",5
"Xiomara",2000,"F","NY",19
"Xin",2000,"F","NY",7
"Xiao",2000,"F","NY",5
"Xue",2000,"F","NY",5
"Xiomara",2001,"F","NY",17
"Xin",2001,"F","NY",9
"Xena",2001,"F","NY",7
"Ximena",2002,"F","NY",9
"Xiomara",2002,"F","NY",8
"Xin",2002,"F","NY",7
"Xenia",2002,"F","NY",5
"Xiomara",2003,"F","NY",13
"Xin",2003,"F","NY",9
"Ximena",2003,"F","NY",8
"Xenia",2003,"F","NY",7
"Xiomara",2004,"F","NY",17
"Xin",2004,"F","NY",11
"Ximena",2004,"F","NY",10
"Xochitl",2004,"F","NY",7
"Xiara",2004,"F","NY",5
"Xiomara",2005,"F","NY",36
"Ximena",2005,"F","NY",12
"Xin",2005,"F","NY",12
"Xochilt",2005,"F","NY",6
"Xitlali",2005,"F","NY",5
"Xochitl",2005,"F","NY",5
"Xiomara",2006,"F","NY",25
"Xaria",2006,"F","NY",11
"Xin",2006,"F","NY",10
"Xiao",2006,"F","NY",6
"Ximena",2006,"F","NY",6
"Xiomara",2007,"F","NY",20
"Ximena",2007,"F","NY",16
"Xin",2007,"F","NY",14
"Xochitl",2007,"F","NY",7
"Xena",2007,"F","NY",5
"Xiomara",2008,"F","NY",18
"Ximena",2008,"F","NY",12
"Xaria",2008,"F","NY",5
"Xiomara",2009,"F","NY",23
"Ximena",2009,"F","NY",13
"Xenia",2009,"F","NY",6
"Xiomara",2010,"F","NY",20
"Ximena",2010,"F","NY",17
"Xenia",2010,"F","NY",7
"Xaria",2010,"F","NY",6
"Ximena",2011,"F","NY",25
"Xiomara",2011,"F","NY",11
"Xochitl",2011,"F","NY",6
"Xin",2011,"F","NY",5
"Ximena",2012,"F","NY",23
"Xiomara",2012,"F","NY",10
"Xena",2012,"F","NY",7
"Xin",2012,"F","NY",6
"Ximena",2013,"F","NY",31
"Xiomara",2013,"F","NY",11
"Xena",2013,"F","NY",5
"Xenia",2013,"F","NY",5
"Ximena",2014,"F","NY",36
"Xiomara",2014,"F","NY",11
"Xyla",2014,"F","NY",5
"Xavier",1997,"M","NY",190
"Xzavier",1997,"M","NY",9
"Xander",1997,"M","NY",5
"Xavier",1998,"M","NY",205
"Xzavier",1998,"M","NY",8
"Xavier",1999,"M","NY",215
"Xander",1999,"M","NY",6
"Xzavier",1999,"M","NY",5
"Xavier",2000,"M","NY",292
"Xander",2000,"M","NY",11
"Xzavier",2000,"M","NY",6
"Xavier",2001,"M","NY",294
"Xzavier",2001,"M","NY",11
"Xander",2001,"M","NY",10
"Xaiver",2001,"M","NY",5
"Xavier",2002,"M","NY",315
"Xander",2002,"M","NY",13
"Xzavier",2002,"M","NY",12
"Xavion",2002,"M","NY",6
"Xavier",2003,"M","NY",315
"Xander",2003,"M","NY",51
"Xzavier",2003,"M","NY",20
"Xavier",2004,"M","NY",303
"Xander",2004,"M","NY",33
"Xzavier",2004,"M","NY",10
"Xavian",2004,"M","NY",8
"Xaiver",2004,"M","NY",5
"Xavier",2005,"M","NY",306
"Xander",2005,"M","NY",39
"Xzavier",2005,"M","NY",15
"Xavion",2005,"M","NY",9
"Xavier",2006,"M","NY",404
"Xander",2006,"M","NY",38
"Xzavier",2006,"M","NY",19
"Xaviar",2006,"M","NY",5
"Xavier",2007,"M","NY",410
"Xander",2007,"M","NY",37
"Xzavier",2007,"M","NY",18
"Xavior",2007,"M","NY",6
"Xaiver",2007,"M","NY",5
"Xavion",2007,"M","NY",5
"Xzavion",2007,"M","NY",5
"Xavier",2008,"M","NY",434
"Xander",2008,"M","NY",46
"Xzavier",2008,"M","NY",19
"Xavien",2008,"M","NY",7
"Xavian",2008,"M","NY",6
"Xavion",2008,"M","NY",6
"Xzavion",2008,"M","NY",5
"Xavier",2009,"M","NY",419
"Xander",2009,"M","NY",40
"Xzavier",2009,"M","NY",18
"Xavior",2009,"M","NY",6
"Xavi",2009,"M","NY",5
"Xavian",2009,"M","NY",5
"Xavier",2010,"M","NY",405
"Xander",2010,"M","NY",43
"Xzavier",2010,"M","NY",25
"Xavi",2010,"M","NY",11
"Xavien",2010,"M","NY",5
"Xavion",2010,"M","NY",5
"Xavier",2011,"M","NY",336
"Xander",2011,"M","NY",54
"Xzavier",2011,"M","NY",21
"Xavi",2011,"M","NY",15
"Xavier",2012,"M","NY",347
"Xander",2012,"M","NY",65
"Xzavier",2012,"M","NY",21
"Xavi",2012,"M","NY",10
"Xavier",2013,"M","NY",328
"Xander",2013,"M","NY",70
"Xzavier",2013,"M","NY",24
"Xavi",2013,"M","NY",7
"Xavior",2013,"M","NY",6
"Xavier",2014,"M","NY",301
"Xander",2014,"M","NY",70
"Xzavier",2014,"M","NY",19
"Xavi",2014,"M","NY",15
"Xavion",2014,"M","NY",8
"Xaiden",2014,"M","NY",7
"Xena",1997,"F","OH",8
"Xena",1998,"F","OH",6
"Ximena",2003,"F","OH",5
"Xiomara",2003,"F","OH",5
"Ximena",2007,"F","OH",5
"Xiomara",2009,"F","OH",7
"Ximena",2010,"F","OH",8
"Ximena",2012,"F","OH",5
"Xiomara",2012,"F","OH",5
"Ximena",2013,"F","OH",12
"Ximena",2014,"F","OH",13
"Xavier",1997,"M","OH",70
"Xavier",1998,"M","OH",78
"Xavier",1999,"M","OH",107
"Xavier",2000,"M","OH",102
"Xander",2000,"M","OH",9
"Xzavier",2000,"M","OH",5
"Xavier",2001,"M","OH",115
"Xander",2001,"M","OH",6
"Xzavier",2001,"M","OH",6
"Xavior",2001,"M","OH",5
"Xavier",2002,"M","OH",158
"Xander",2002,"M","OH",18
"Xavior",2002,"M","OH",6
"Xavier",2003,"M","OH",188
"Xander",2003,"M","OH",76
"Xzavier",2003,"M","OH",11
"Xavion",2003,"M","OH",5
"Xavier",2004,"M","OH",219
"Xander",2004,"M","OH",57
"Xzavier",2004,"M","OH",12
"Xavier",2005,"M","OH",219
"Xander",2005,"M","OH",78
"Xzavier",2005,"M","OH",17
"Xavier",2006,"M","OH",233
"Xander",2006,"M","OH",74
"Xzavier",2006,"M","OH",8
"Xavior",2006,"M","OH",5
"Xavier",2007,"M","OH",264
"Xander",2007,"M","OH",61
"Xzavier",2007,"M","OH",16
"Xzavion",2007,"M","OH",6
"Xavion",2007,"M","OH",5
"Xavier",2008,"M","OH",252
"Xander",2008,"M","OH",69
"Xzavier",2008,"M","OH",20
"Xavior",2008,"M","OH",6
"Xavion",2008,"M","OH",5
"Xavier",2009,"M","OH",257
"Xander",2009,"M","OH",72
"Xzavier",2009,"M","OH",16
"Xavior",2009,"M","OH",10
"Xavion",2009,"M","OH",6
"Xzavion",2009,"M","OH",5
"Xavier",2010,"M","OH",233
"Xander",2010,"M","OH",75
"Xzavier",2010,"M","OH",19
"Xavior",2010,"M","OH",10
"Xavier",2011,"M","OH",239
"Xander",2011,"M","OH",89
"Xzavier",2011,"M","OH",19
"Xavior",2011,"M","OH",6
"Xayden",2011,"M","OH",5
"Xavier",2012,"M","OH",230
"Xander",2012,"M","OH",74
"Xzavier",2012,"M","OH",14
"Xavion",2012,"M","OH",6
"Xavier",2013,"M","OH",214
"Xander",2013,"M","OH",79
"Xzavier",2013,"M","OH",14
"Xavion",2013,"M","OH",5
"Xavier",2014,"M","OH",180
"Xander",2014,"M","OH",82
"Xavion",2014,"M","OH",6
"Xzavier",2014,"M","OH",6
"Xaiden",2014,"M","OH",5
"Xochitl",2004,"F","OK",5
"Ximena",2005,"F","OK",10
"Xiomara",2006,"F","OK",6
"Ximena",2007,"F","OK",13
"Ximena",2008,"F","OK",9
"Ximena",2009,"F","OK",12
"Xoe",2009,"F","OK",5
"Ximena",2010,"F","OK",12
"Ximena",2011,"F","OK",14
"Ximena",2012,"F","OK",18
"Ximena",2013,"F","OK",19
"Ximena",2014,"F","OK",38
"Xavier",1997,"M","OK",14
"Xavier",1998,"M","OK",39
"Xavier",1999,"M","OK",39
"Xavier",2000,"M","OK",46
"Xavier",2001,"M","OK",44
"Xavier",2002,"M","OK",54
"Xander",2002,"M","OK",6
"Xzavier",2002,"M","OK",5
"Xavier",2003,"M","OK",53
"Xander",2003,"M","OK",37
"Xavier",2004,"M","OK",63
"Xander",2004,"M","OK",21
"Xzavier",2004,"M","OK",7
"Xavier",2005,"M","OK",53
"Xander",2005,"M","OK",28
"Xzavier",2005,"M","OK",6
"Xavier",2006,"M","OK",82
"Xander",2006,"M","OK",29
"Xzavier",2006,"M","OK",5
"Xavier",2007,"M","OK",62
"Xander",2007,"M","OK",24
"Xavier",2008,"M","OK",60
"Xander",2008,"M","OK",24
"Xzavier",2008,"M","OK",6
"Xavier",2009,"M","OK",62
"Xander",2009,"M","OK",30
"Xzavier",2009,"M","OK",8
"Xavier",2010,"M","OK",70
"Xander",2010,"M","OK",27
"Xzavier",2010,"M","OK",12
"Xavier",2011,"M","OK",68
"Xander",2011,"M","OK",34
"Xzavier",2011,"M","OK",9
"Xavier",2012,"M","OK",52
"Xander",2012,"M","OK",48
"Xzavier",2012,"M","OK",11
"Xzavior",2012,"M","OK",5
"Xavier",2013,"M","OK",55
"Xander",2013,"M","OK",40
"Xavier",2014,"M","OK",51
"Xander",2014,"M","OK",28
"Xzavier",2014,"M","OK",8
"Ximena",2004,"F","OR",11
"Ximena",2005,"F","OR",5
"Xiomara",2005,"F","OR",5
"Ximena",2006,"F","OR",6
"Ximena",2007,"F","OR",11
"Ximena",2008,"F","OR",10
"Ximena",2009,"F","OR",8
"Xochitl",2009,"F","OR",6
"Ximena",2010,"F","OR",12
"Ximena",2011,"F","OR",13
"Xiomara",2011,"F","OR",6
"Ximena",2012,"F","OR",19
"Ximena",2013,"F","OR",26
"Ximena",2014,"F","OR",22
"Xavier",1997,"M","OR",9
"Xavier",1998,"M","OR",17
"Xavier",1999,"M","OR",22
"Xander",1999,"M","OR",7
"Xavier",2000,"M","OR",29
"Xavier",2001,"M","OR",18
"Xander",2001,"M","OR",5
"Xavier",2002,"M","OR",31
"Xander",2002,"M","OR",11
"Xavier",2003,"M","OR",32
"Xander",2003,"M","OR",24
"Xavier",2004,"M","OR",25
"Xander",2004,"M","OR",24
"Xavier",2005,"M","OR",25
"Xander",2005,"M","OR",16
"Xavier",2006,"M","OR",39
"Xander",2006,"M","OR",20
"Xavier",2007,"M","OR",33
"Xander",2007,"M","OR",27
"Xavier",2008,"M","OR",41
"Xander",2008,"M","OR",24
"Xavier",2009,"M","OR",40
"Xander",2009,"M","OR",30
"Xavi",2009,"M","OR",5
"Xavier",2010,"M","OR",39
"Xander",2010,"M","OR",28
"Xavier",2011,"M","OR",44
"Xander",2011,"M","OR",25
"Xavi",2011,"M","OR",8
"Xavier",2012,"M","OR",47
"Xander",2012,"M","OR",29
"Xavier",2013,"M","OR",54
"Xander",2013,"M","OR",32
"Xavier",2014,"M","OR",43
"Xander",2014,"M","OR",19
"Xzavier",2014,"M","OR",5
"Xiomara",1997,"F","PA",8
"Xena",1998,"F","PA",8
"Xiomara",1999,"F","PA",7
"Xiomara",2001,"F","PA",5
"Xiomara",2003,"F","PA",6
"Ximena",2004,"F","PA",5
"Xiomara",2005,"F","PA",6
"Xiomara",2006,"F","PA",13
"Xiomara",2008,"F","PA",6
"Xiomara",2009,"F","PA",5
"Xiomara",2010,"F","PA",5
"Ximena",2012,"F","PA",7
"Ximena",2013,"F","PA",11
"Ximena",2014,"F","PA",10
"Xiomara",2014,"F","PA",5
"Xavier",1997,"M","PA",49
"Xavier",1998,"M","PA",79
"Xavier",1999,"M","PA",87
"Xander",1999,"M","PA",7
"Xavier",2000,"M","PA",102
"Xander",2000,"M","PA",5
"Xavier",2001,"M","PA",111
"Xander",2001,"M","PA",8
"Xzavier",2001,"M","PA",6
"Xavier",2002,"M","PA",130
"Xander",2002,"M","PA",20
"Xzavier",2002,"M","PA",11
"Xavion",2002,"M","PA",7
"Xavier",2003,"M","PA",171
"Xander",2003,"M","PA",54
"Xzavier",2003,"M","PA",6
"Xavier",2004,"M","PA",153
"Xander",2004,"M","PA",57
"Xzavier",2004,"M","PA",9
"Xavier",2005,"M","PA",170
"Xander",2005,"M","PA",46
"Xzavier",2005,"M","PA",10
"Xavier",2006,"M","PA",231
"Xander",2006,"M","PA",47
"Xzavier",2006,"M","PA",10
"Xavier",2007,"M","PA",249
"Xander",2007,"M","PA",45
"Xzavier",2007,"M","PA",20
"Xavion",2007,"M","PA",5
"Xavier",2008,"M","PA",276
"Xander",2008,"M","PA",69
"Xzavier",2008,"M","PA",8
"Xavier",2009,"M","PA",266
"Xander",2009,"M","PA",58
"Xzavier",2009,"M","PA",21
"Xzavion",2009,"M","PA",7
"Xavion",2009,"M","PA",5
"Xavier",2010,"M","PA",210
"Xander",2010,"M","PA",57
"Xzavier",2010,"M","PA",9
"Xavian",2010,"M","PA",5
"Xavier",2011,"M","PA",191
"Xander",2011,"M","PA",60
"Xzavier",2011,"M","PA",9
"Xavior",2011,"M","PA",7
"Xavian",2011,"M","PA",6
"Xavier",2012,"M","PA",191
"Xander",2012,"M","PA",73
"Xzavier",2012,"M","PA",13
"Xavier",2013,"M","PA",192
"Xander",2013,"M","PA",72
"Xzavier",2013,"M","PA",15
"Xavion",2013,"M","PA",7
"Xavier",2014,"M","PA",185
"Xander",2014,"M","PA",75
"Xzavier",2014,"M","PA",12
"Xavior",2014,"M","PA",6
"Xavier",1998,"M","RI",11
"Xavier",1999,"M","RI",8
"Xavier",2000,"M","RI",17
"Xavier",2001,"M","RI",18
"Xavier",2002,"M","RI",29
"Xavier",2003,"M","RI",26
"Xavier",2004,"M","RI",21
"Xavier",2005,"M","RI",25
"Xavier",2006,"M","RI",13
"Xavier",2007,"M","RI",32
"Xavier",2008,"M","RI",35
"Xavier",2009,"M","RI",33
"Xzavier",2009,"M","RI",5
"Xavier",2010,"M","RI",25
"Xavier",2011,"M","RI",29
"Xavier",2012,"M","RI",14
"Xavier",2013,"M","RI",22
"Xander",2013,"M","RI",7
"Xavier",2014,"M","RI",18
"Xander",2014,"M","RI",13
"Ximena",2007,"F","SC",5
"Ximena",2008,"F","SC",10
"Ximena",2009,"F","SC",10
"Ximena",2010,"F","SC",5
"Ximena",2011,"F","SC",5
"Xiomara",2011,"F","SC",5
"Ximena",2013,"F","SC",10
"Ximena",2014,"F","SC",11
"Xavier",1997,"M","SC",57
"Xzavier",1997,"M","SC",6
"Xavier",1998,"M","SC",59
"Xavier",1999,"M","SC",45
"Xavier",2000,"M","SC",55
"Xzavier",2000,"M","SC",6
"Xavier",2001,"M","SC",60
"Xzavier",2001,"M","SC",7
"Xavier",2002,"M","SC",68
"Xavion",2002,"M","SC",6
"Xzavier",2002,"M","SC",6
"Xavier",2003,"M","SC",71
"Xander",2003,"M","SC",11
"Xzavier",2003,"M","SC",8
"Xavier",2004,"M","SC",77
"Xander",2004,"M","SC",14
"Xzavier",2004,"M","SC",6
"Xavier",2005,"M","SC",55
"Xander",2005,"M","SC",16
"Xzavier",2005,"M","SC",13
"Xavion",2005,"M","SC",12
"Xavier",2006,"M","SC",91
"Xander",2006,"M","SC",15
"Xzavier",2006,"M","SC",12
"Xzavion",2006,"M","SC",7
"Xavier",2007,"M","SC",105
"Xander",2007,"M","SC",16
"Xzavier",2007,"M","SC",12
"Xavier",2008,"M","SC",74
"Xavion",2008,"M","SC",6
"Xander",2008,"M","SC",5
"Xavier",2009,"M","SC",71
"Xander",2009,"M","SC",11
"Xzavion",2009,"M","SC",9
"Xavier",2010,"M","SC",68
"Xander",2010,"M","SC",10
"Xavion",2010,"M","SC",6
"Xavier",2011,"M","SC",56
"Xander",2011,"M","SC",18
"Xzavier",2011,"M","SC",9
"Xavi",2011,"M","SC",6
"Xavion",2011,"M","SC",6
"Xavier",2012,"M","SC",52
"Xander",2012,"M","SC",21
"Xavier",2013,"M","SC",50
"Xander",2013,"M","SC",23
"Xzavier",2013,"M","SC",5
"Xavier",2014,"M","SC",33
"Xander",2014,"M","SC",23
"Xavier",2001,"M","SD",5
"Xavier",2002,"M","SD",18
"Xavier",2003,"M","SD",9
"Xavier",2004,"M","SD",16
"Xander",2004,"M","SD",8
"Xavier",2005,"M","SD",8
"Xander",2005,"M","SD",7
"Xavier",2006,"M","SD",12
"Xander",2006,"M","SD",5
"Xavier",2007,"M","SD",15
"Xander",2007,"M","SD",11
"Xavier",2008,"M","SD",22
"Xander",2008,"M","SD",14
"Xavier",2009,"M","SD",17
"Xander",2009,"M","SD",10
"Xander",2010,"M","SD",8
"Xavier",2010,"M","SD",8
"Xavier",2011,"M","SD",13
"Xander",2011,"M","SD",9
"Xavier",2012,"M","SD",13
"Xander",2012,"M","SD",6
"Xander",2013,"M","SD",12
"Xavier",2013,"M","SD",10
"Xavier",2014,"M","SD",9
"Xander",2014,"M","SD",6
"Xena",1997,"F","TN",7
"Ximena",2004,"F","TN",7
"Xiomara",2004,"F","TN",6
"Ximena",2005,"F","TN",8
"Ximena",2006,"F","TN",7
"Xiomara",2007,"F","TN",6
"Ximena",2008,"F","TN",8
"Ximena",2009,"F","TN",8
"Ximena",2010,"F","TN",5
"Ximena",2011,"F","TN",9
"Ximena",2012,"F","TN",15
"Ximena",2013,"F","TN",16
"Ximena",2014,"F","TN",24
"Xavier",1997,"M","TN",47
"Xavier",1998,"M","TN",47
"Xavier",1999,"M","TN",46
"Xavier",2000,"M","TN",68
"Xavier",2001,"M","TN",80
"Xavier",2002,"M","TN",83
"Xander",2002,"M","TN",5
"Xavier",2003,"M","TN",86
"Xander",2003,"M","TN",44
"Xavier",2004,"M","TN",80
"Xander",2004,"M","TN",30
"Xavier",2005,"M","TN",83
"Xander",2005,"M","TN",27
"Xzavier",2005,"M","TN",9
"Xavier",2006,"M","TN",86
"Xander",2006,"M","TN",23
"Xzavier",2006,"M","TN",10
"Xavier",2007,"M","TN",110
"Xander",2007,"M","TN",33
"Xzavier",2007,"M","TN",6
"Xavion",2007,"M","TN",5
"Xavier",2008,"M","TN",101
"Xander",2008,"M","TN",39
"Xzavier",2008,"M","TN",11
"Xavion",2008,"M","TN",7
"Xavier",2009,"M","TN",100
"Xander",2009,"M","TN",35
"Xzavier",2009,"M","TN",6
"Xavier",2010,"M","TN",88
"Xander",2010,"M","TN",28
"Xzavier",2010,"M","TN",10
"Xavier",2011,"M","TN",59
"Xander",2011,"M","TN",46
"Xzavier",2011,"M","TN",6
"Xavier",2012,"M","TN",83
"Xander",2012,"M","TN",40
"Xzavier",2012,"M","TN",5
"Xavier",2013,"M","TN",62
"Xander",2013,"M","TN",26
"Xzavier",2013,"M","TN",9
"Xavier",2014,"M","TN",72
"Xander",2014,"M","TN",49
"Xzavier",2014,"M","TN",5
"Xena",1997,"F","TX",44
"Xochitl",1997,"F","TX",22
"Xiomara",1997,"F","TX",19
"Ximena",1997,"F","TX",16
"Xenia",1997,"F","TX",5
"Xena",1998,"F","TX",19
"Xochitl",1998,"F","TX",19
"Xiomara",1998,"F","TX",11
"Ximena",1998,"F","TX",10
"Xandria",1998,"F","TX",8
"Xochilt",1998,"F","TX",7
"Xitlaly",1998,"F","TX",6
"Xenia",1998,"F","TX",5
"Xochitl",1999,"F","TX",23
"Xiomara",1999,"F","TX",21
"Ximena",1999,"F","TX",17
"Xena",1999,"F","TX",14
"Xenia",1999,"F","TX",8
"Xitlally",1999,"F","TX",5
"Xochilt",1999,"F","TX",5
"Ximena",2000,"F","TX",33
"Xiomara",2000,"F","TX",32
"Xochitl",2000,"F","TX",20
"Xena",2000,"F","TX",13
"Xandria",2000,"F","TX",6
"Xenia",2000,"F","TX",6
"Xitlali",2000,"F","TX",6
"Ximena",2001,"F","TX",67
"Xiomara",2001,"F","TX",25
"Xochitl",2001,"F","TX",24
"Xitlali",2001,"F","TX",14
"Xitlaly",2001,"F","TX",9
"Xenia",2001,"F","TX",8
"Xena",2001,"F","TX",7
"Xitlally",2001,"F","TX",5
"Ximena",2002,"F","TX",117
"Xiomara",2002,"F","TX",32
"Xochitl",2002,"F","TX",22
"Xitlali",2002,"F","TX",18
"Xochilt",2002,"F","TX",11
"Xenia",2002,"F","TX",9
"Xitlaly",2002,"F","TX",9
"Xena",2002,"F","TX",7
"Xandria",2002,"F","TX",5
"Ximena",2003,"F","TX",154
"Xochitl",2003,"F","TX",29
"Xiomara",2003,"F","TX",28
"Xitlali",2003,"F","TX",22
"Xitlaly",2003,"F","TX",14
"Xena",2003,"F","TX",10
"Xandria",2003,"F","TX",9
"Xenia",2003,"F","TX",5
"Xitlally",2003,"F","TX",5
"Ximena",2004,"F","TX",229
"Xiomara",2004,"F","TX",39
"Xitlaly",2004,"F","TX",32
"Xochitl",2004,"F","TX",30
"Xitlali",2004,"F","TX",27
"Xaria",2004,"F","TX",6
"Xochilt",2004,"F","TX",5
"Ximena",2005,"F","TX",239
"Xiomara",2005,"F","TX",54
"Xitlaly",2005,"F","TX",20
"Xochitl",2005,"F","TX",20
"Xitlali",2005,"F","TX",18
"Xenia",2005,"F","TX",14
"Xandria",2005,"F","TX",8
"Xochilt",2005,"F","TX",7
"Ximena",2006,"F","TX",260
"Xiomara",2006,"F","TX",40
"Xochitl",2006,"F","TX",25
"Xitlali",2006,"F","TX",14
"Xitlaly",2006,"F","TX",14
"Xenia",2006,"F","TX",7
"Xandra",2006,"F","TX",6
"Xochilt",2006,"F","TX",6
"Xoe",2006,"F","TX",6
"Xitlalli",2006,"F","TX",5
"Ximena",2007,"F","TX",249
"Xiomara",2007,"F","TX",47
"Xochitl",2007,"F","TX",26
"Xitlali",2007,"F","TX",19
"Xitlaly",2007,"F","TX",18
"Xochilt",2007,"F","TX",8
"Xenia",2007,"F","TX",5
"Ximena",2008,"F","TX",286
"Xiomara",2008,"F","TX",49
"Xochitl",2008,"F","TX",27
"Xitlaly",2008,"F","TX",15
"Xitlali",2008,"F","TX",13
"Ximena",2009,"F","TX",309
"Xiomara",2009,"F","TX",52
"Xochitl",2009,"F","TX",24
"Xitlaly",2009,"F","TX",22
"Xitlali",2009,"F","TX",21
"Xochilt",2009,"F","TX",8
"Xoe",2009,"F","TX",8
"Xenia",2009,"F","TX",5
"Ximenna",2009,"F","TX",5
"Ximena",2010,"F","TX",349
"Xiomara",2010,"F","TX",54
"Xochitl",2010,"F","TX",28
"Xitlaly",2010,"F","TX",9
"Xitlali",2010,"F","TX",8
"Xoe",2010,"F","TX",7
"Xandria",2010,"F","TX",5
"Xena",2010,"F","TX",5
"Xenia",2010,"F","TX",5
"Xochil",2010,"F","TX",5
"Xochilt",2010,"F","TX",5
"Ximena",2011,"F","TX",466
"Xiomara",2011,"F","TX",40
"Xitlali",2011,"F","TX",21
"Xenia",2011,"F","TX",17
"Xochitl",2011,"F","TX",16
"Xitlaly",2011,"F","TX",10
"Xoe",2011,"F","TX",7
"Ximena",2012,"F","TX",466
"Xiomara",2012,"F","TX",40
"Xochitl",2012,"F","TX",31
"Xitlali",2012,"F","TX",15
"Xena",2012,"F","TX",8
"Xoe",2012,"F","TX",5
"Ximena",2013,"F","TX",626
"Xiomara",2013,"F","TX",27
"Xochitl",2013,"F","TX",24
"Xitlali",2013,"F","TX",12
"Xitlaly",2013,"F","TX",11
"Xena",2013,"F","TX",10
"Xenia",2013,"F","TX",6
"Xayla",2013,"F","TX",5
"Xoey",2013,"F","TX",5
"Xyla",2013,"F","TX",5
"Ximena",2014,"F","TX",693
"Xiomara",2014,"F","TX",26
"Xochitl",2014,"F","TX",16
"Xena",2014,"F","TX",13
"Xyla",2014,"F","TX",10
"Xitlali",2014,"F","TX",9
"Xitlaly",2014,"F","TX",8
"Xaylee",2014,"F","TX",6
"Ximenna",2014,"F","TX",6
"Xoe",2014,"F","TX",5
"Xylia",2014,"F","TX",5
"Xavier",1997,"M","TX",411
"Xzavier",1997,"M","TX",18
"Xavion",1997,"M","TX",5
"Xavier",1998,"M","TX",410
"Xzavier",1998,"M","TX",17
"Xander",1998,"M","TX",12
"Xavion",1998,"M","TX",6
"Xavier",1999,"M","TX",437
"Xzavier",1999,"M","TX",16
"Xander",1999,"M","TX",14
"Xavion",1999,"M","TX",10
"Xavian",1999,"M","TX",6
"Xavier",2000,"M","TX",519
"Xzavier",2000,"M","TX",20
"Xander",2000,"M","TX",13
"Xavior",2000,"M","TX",8
"Xavien",2000,"M","TX",6
"Xavion",2000,"M","TX",5
"Xzavion",2000,"M","TX",5
"Xavier",2001,"M","TX",536
"Xzavier",2001,"M","TX",21
"Xander",2001,"M","TX",16
"Xavion",2001,"M","TX",8
"Xaiver",2001,"M","TX",7
"Xavian",2001,"M","TX",5
"Xavier",2002,"M","TX",583
"Xander",2002,"M","TX",38
"Xzavier",2002,"M","TX",33
"Xavion",2002,"M","TX",11
"Xavian",2002,"M","TX",6
"Xavien",2002,"M","TX",6
"Xavier",2003,"M","TX",641
"Xander",2003,"M","TX",111
"Xzavier",2003,"M","TX",33
"Xavian",2003,"M","TX",9
"Xavien",2003,"M","TX",9
"Xavion",2003,"M","TX",9
"Xaiver",2003,"M","TX",6
"Xavior",2003,"M","TX",5
"Xavier",2004,"M","TX",597
"Xander",2004,"M","TX",84
"Xzavier",2004,"M","TX",32
"Xadrian",2004,"M","TX",7
"Xaiver",2004,"M","TX",6
"Xavien",2004,"M","TX",6
"Xavian",2004,"M","TX",5
"Xavion",2004,"M","TX",5
"Xavier",2005,"M","TX",578
"Xander",2005,"M","TX",92
"Xzavier",2005,"M","TX",28
"Xavian",2005,"M","TX",12
"Xavion",2005,"M","TX",11
"Xavien",2005,"M","TX",9
"Xzander",2005,"M","TX",6
"Xzavion",2005,"M","TX",6
"Xavier",2006,"M","TX",715
"Xander",2006,"M","TX",86
"Xzavier",2006,"M","TX",42
"Xavian",2006,"M","TX",11
"Xavior",2006,"M","TX",10
"Xavien",2006,"M","TX",8
"Xaiver",2006,"M","TX",6
"Xavion",2006,"M","TX",6
"Xaden",2006,"M","TX",5
"Xadrian",2006,"M","TX",5
"Xzavian",2006,"M","TX",5
"Xavier",2007,"M","TX",705
"Xander",2007,"M","TX",91
"Xzavier",2007,"M","TX",39
"Xavion",2007,"M","TX",12
"Xavian",2007,"M","TX",10
"Xzavion",2007,"M","TX",9
"Xavien",2007,"M","TX",8
"Xavior",2007,"M","TX",7
"Xzavien",2007,"M","TX",6
"Xavier",2008,"M","TX",653
"Xander",2008,"M","TX",90
"Xzavier",2008,"M","TX",38
"Xzavion",2008,"M","TX",14
"Xavion",2008,"M","TX",11
"Xavior",2008,"M","TX",10
"Xavien",2008,"M","TX",9
"Xaiden",2008,"M","TX",8
"Xavian",2008,"M","TX",8
"Xadrian",2008,"M","TX",7
"Xane",2008,"M","TX",5
"Xzavian",2008,"M","TX",5
"Xavier",2009,"M","TX",628
"Xander",2009,"M","TX",117
"Xzavier",2009,"M","TX",49
"Xavian",2009,"M","TX",17
"Xavion",2009,"M","TX",13
"Xavi",2009,"M","TX",12
"Xavien",2009,"M","TX",12
"Xavior",2009,"M","TX",12
"Xzavian",2009,"M","TX",7
"Xavier",2010,"M","TX",597
"Xander",2010,"M","TX",105
"Xzavier",2010,"M","TX",46
"Xavi",2010,"M","TX",31
"Xavion",2010,"M","TX",13
"Xavian",2010,"M","TX",10
"Xavior",2010,"M","TX",9
"Xaiden",2010,"M","TX",8
"Xavien",2010,"M","TX",6
"Xayden",2010,"M","TX",6
"Xzavien",2010,"M","TX",6
"Xzavion",2010,"M","TX",5
"Xavier",2011,"M","TX",522
"Xander",2011,"M","TX",143
"Xzavier",2011,"M","TX",51
"Xavi",2011,"M","TX",37
"Xavian",2011,"M","TX",17
"Xavion",2011,"M","TX",15
"Xzavion",2011,"M","TX",9
"Xzavian",2011,"M","TX",8
"Xzander",2011,"M","TX",7
"Xzavien",2011,"M","TX",7
"Xadrian",2011,"M","TX",6
"Xayden",2011,"M","TX",6
"Xaiden",2011,"M","TX",5
"Xavier",2012,"M","TX",531
"Xander",2012,"M","TX",136
"Xzavier",2012,"M","TX",45
"Xavi",2012,"M","TX",38
"Xavian",2012,"M","TX",13
"Xavien",2012,"M","TX",9
"Xayden",2012,"M","TX",8
"Xzander",2012,"M","TX",8
"Xaiden",2012,"M","TX",7
"Xavion",2012,"M","TX",7
"Xavior",2012,"M","TX",7
"Xavier",2013,"M","TX",521
"Xander",2013,"M","TX",132
"Xzavier",2013,"M","TX",44
"Xavi",2013,"M","TX",38
"Xaiden",2013,"M","TX",11
"Xavien",2013,"M","TX",11
"Xavian",2013,"M","TX",10
"Xayden",2013,"M","TX",10
"Xzavian",2013,"M","TX",10
"Xadrian",2013,"M","TX",8
"Xavion",2013,"M","TX",8
"Xane",2013,"M","TX",5
"Xzander",2013,"M","TX",5
"Xavier",2014,"M","TX",497
"Xander",2014,"M","TX",173
"Xzavier",2014,"M","TX",36
"Xavi",2014,"M","TX",20
"Xavian",2014,"M","TX",15
"Xaiden",2014,"M","TX",12
"Xavien",2014,"M","TX",12
"Xzander",2014,"M","TX",8
"Xzavian",2014,"M","TX",8
"Xayden",2014,"M","TX",7
"Xavion",2014,"M","TX",6
"Xane",2014,"M","TX",5
"Xiomara",2005,"F","UT",7
"Ximena",2005,"F","UT",6
"Ximena",2006,"F","UT",5
"Ximena",2008,"F","UT",8
"Xiomara",2008,"F","UT",6
"Ximena",2009,"F","UT",12
"Ximena",2010,"F","UT",7
"Ximena",2011,"F","UT",17
"Ximena",2012,"F","UT",14
"Xiomara",2012,"F","UT",5
"Ximena",2013,"F","UT",11
"Ximena",2014,"F","UT",23
"Xavier",1997,"M","UT",10
"Xavier",1998,"M","UT",13
"Xavier",1999,"M","UT",9
"Xander",1999,"M","UT",7
"Xavier",2000,"M","UT",14
"Xander",2000,"M","UT",5
"Xavier",2001,"M","UT",19
"Xander",2001,"M","UT",7
"Xavier",2002,"M","UT",20
"Xander",2002,"M","UT",11
"Xander",2003,"M","UT",40
"Xavier",2003,"M","UT",31
"Xander",2004,"M","UT",37
"Xavier",2004,"M","UT",17
"Xander",2005,"M","UT",40
"Xavier",2005,"M","UT",20
"Xavier",2006,"M","UT",37
"Xander",2006,"M","UT",30
"Xander",2007,"M","UT",52
"Xavier",2007,"M","UT",35
"Xander",2008,"M","UT",54
"Xavier",2008,"M","UT",43
"Xavier",2009,"M","UT",46
"Xander",2009,"M","UT",45
"Xander",2010,"M","UT",42
"Xavier",2010,"M","UT",38
"Xander",2011,"M","UT",58
"Xavier",2011,"M","UT",29
"Xzavier",2011,"M","UT",8
"Xavi",2011,"M","UT",5
"Xander",2012,"M","UT",56
"Xavier",2012,"M","UT",32
"Xavi",2012,"M","UT",6
"Xander",2013,"M","UT",29
"Xavier",2013,"M","UT",23
"Xavian",2013,"M","UT",5
"Xander",2014,"M","UT",61
"Xavier",2014,"M","UT",23
"Xavia",1999,"F","VA",5
"Xiomara",2000,"F","VA",7
"Xiomara",2002,"F","VA",5
"Ximena",2003,"F","VA",5
"Ximena",2005,"F","VA",12
"Xiomara",2005,"F","VA",8
"Ximena",2006,"F","VA",9
"Xiomara",2006,"F","VA",6
"Ximena",2007,"F","VA",11
"Xiomara",2007,"F","VA",8
"Ximena",2008,"F","VA",5
"Ximena",2009,"F","VA",8
"Ximena",2010,"F","VA",9
"Ximena",2011,"F","VA",8
"Xiomara",2011,"F","VA",5
"Ximena",2012,"F","VA",10
"Ximena",2013,"F","VA",14
"Ximena",2014,"F","VA",13
"Xavier",1997,"M","VA",65
"Xavier",1998,"M","VA",72
"Xavier",1999,"M","VA",91
"Xzavier",1999,"M","VA",7
"Xavier",2000,"M","VA",101
"Xzavier",2000,"M","VA",7
"Xavier",2001,"M","VA",107
"Xzavier",2001,"M","VA",7
"Xander",2001,"M","VA",6
"Xavier",2002,"M","VA",128
"Xzavier",2002,"M","VA",9
"Xander",2002,"M","VA",6
"Xavion",2002,"M","VA",6
"Xavier",2003,"M","VA",139
"Xander",2003,"M","VA",29
"Xzavier",2003,"M","VA",7
"Xavier",2004,"M","VA",150
"Xander",2004,"M","VA",20
"Xavion",2004,"M","VA",14
"Xzavier",2004,"M","VA",9
"Xavier",2005,"M","VA",132
"Xander",2005,"M","VA",20
"Xzavier",2005,"M","VA",14
"Xavion",2005,"M","VA",11
"Xzavion",2005,"M","VA",5
"Xavier",2006,"M","VA",172
"Xander",2006,"M","VA",26
"Xzavier",2006,"M","VA",11
"Xavion",2006,"M","VA",9
"Xavier",2007,"M","VA",179
"Xander",2007,"M","VA",18
"Xzavier",2007,"M","VA",10
"Xavion",2007,"M","VA",9
"Xzavion",2007,"M","VA",5
"Xavier",2008,"M","VA",138
"Xander",2008,"M","VA",29
"Xzavier",2008,"M","VA",9
"Xavion",2008,"M","VA",7
"Xzavion",2008,"M","VA",5
"Xavier",2009,"M","VA",145
"Xander",2009,"M","VA",31
"Xzavier",2009,"M","VA",11
"Xavion",2009,"M","VA",9
"Xzavion",2009,"M","VA",5
"Xavier",2010,"M","VA",142
"Xander",2010,"M","VA",31
"Xavi",2010,"M","VA",10
"Xzavier",2010,"M","VA",9
"Xavier",2011,"M","VA",141
"Xander",2011,"M","VA",33
"Xzavier",2011,"M","VA",12
"Xavi",2011,"M","VA",9
"Xavier",2012,"M","VA",145
"Xander",2012,"M","VA",36
"Xzavier",2012,"M","VA",12
"Xavion",2012,"M","VA",6
"Xavier",2013,"M","VA",115
"Xander",2013,"M","VA",31
"Xavi",2013,"M","VA",7
"Xavion",2013,"M","VA",6
"Xzavier",2013,"M","VA",5
"Xavier",2014,"M","VA",116
"Xander",2014,"M","VA",39
"Xzavier",2014,"M","VA",8
"Xavion",2014,"M","VA",5
"Xavier",2002,"M","VT",5
"Xavier",2003,"M","VT",9
"Xavier",2004,"M","VT",7
"Xavier",2005,"M","VT",10
"Xavier",2006,"M","VT",8
"Xavier",2007,"M","VT",11
"Xavier",2008,"M","VT",6
"Xavier",2011,"M","VT",10
"Xavier",2012,"M","VT",8
"Xavier",2014,"M","VT",12
"Xander",2014,"M","VT",7
"Xena",1997,"F","WA",6
"Xochitl",1998,"F","WA",5
"Xiomara",2002,"F","WA",5
"Ximena",2003,"F","WA",5
"Xiomara",2003,"F","WA",5
"Ximena",2004,"F","WA",8
"Xitlali",2004,"F","WA",5
"Ximena",2005,"F","WA",16
"Ximena",2006,"F","WA",7
"Ximena",2007,"F","WA",11
"Xiomara",2007,"F","WA",7
"Xitlaly",2007,"F","WA",7
"Ximena",2008,"F","WA",17
"Xiomara",2008,"F","WA",9
"Ximena",2009,"F","WA",19
"Xiomara",2009,"F","WA",10
"Ximena",2010,"F","WA",23
"Xiomara",2010,"F","WA",6
"Xochitl",2010,"F","WA",5
"Ximena",2011,"F","WA",26
"Xiomara",2011,"F","WA",5
"Ximena",2012,"F","WA",21
"Ximena",2013,"F","WA",33
"Ximena",2014,"F","WA",51
"Xitlali",2014,"F","WA",5
"Xavier",1997,"M","WA",40
"Xavier",1998,"M","WA",40
"Xavier",1999,"M","WA",50
"Xander",1999,"M","WA",8
"Xavier",2000,"M","WA",59
"Xander",2000,"M","WA",6
"Xavier",2001,"M","WA",53
"Xander",2001,"M","WA",11
"Xavier",2002,"M","WA",55
"Xander",2002,"M","WA",16
"Xavier",2003,"M","WA",77
"Xander",2003,"M","WA",32
"Xavier",2004,"M","WA",89
"Xander",2004,"M","WA",39
"Xavier",2005,"M","WA",74
"Xander",2005,"M","WA",42
"Xzavier",2005,"M","WA",5
"Xavier",2006,"M","WA",89
"Xander",2006,"M","WA",39
"Xavier",2007,"M","WA",92
"Xander",2007,"M","WA",41
"Xzavier",2007,"M","WA",6
"Xavier",2008,"M","WA",97
"Xander",2008,"M","WA",42
"Xzavier",2008,"M","WA",10
"Xavier",2009,"M","WA",107
"Xander",2009,"M","WA",37
"Xzavier",2009,"M","WA",13
"Xavier",2010,"M","WA",92
"Xander",2010,"M","WA",44
"Xzavier",2010,"M","WA",6
"Xavier",2011,"M","WA",93
"Xander",2011,"M","WA",46
"Xavi",2011,"M","WA",8
"Xzavier",2011,"M","WA",7
"Xavier",2012,"M","WA",98
"Xander",2012,"M","WA",55
"Xavi",2012,"M","WA",7
"Xzavier",2012,"M","WA",7
"Xavier",2013,"M","WA",80
"Xander",2013,"M","WA",34
"Xzavier",2013,"M","WA",13
"Xavier",2014,"M","WA",77
"Xander",2014,"M","WA",57
"Xavi",2014,"M","WA",5
"Xzavier",2014,"M","WA",5
"Xena",1997,"F","WI",6
"Xiomara",2000,"F","WI",5
"Ximena",2002,"F","WI",5
"Ximena",2003,"F","WI",6
"Ximena",2004,"F","WI",8
"Xiomara",2004,"F","WI",5
"Ximena",2005,"F","WI",8
"Xiomara",2005,"F","WI",5
"Ximena",2006,"F","WI",8
"Ximena",2007,"F","WI",5
"Ximena",2008,"F","WI",11
"Xiomara",2008,"F","WI",7
"Xiomara",2009,"F","WI",10
"Ximena",2009,"F","WI",7
"Ximena",2010,"F","WI",9
"Ximena",2011,"F","WI",11
"Xiomara",2011,"F","WI",5
"Ximena",2012,"F","WI",10
"Xiomara",2012,"F","WI",7
"Ximena",2013,"F","WI",20
"Ximena",2014,"F","WI",23
"Xiomara",2014,"F","WI",6
"Xavier",1997,"M","WI",28
"Xavier",1998,"M","WI",33
"Xavier",1999,"M","WI",43
"Xavier",2000,"M","WI",43
"Xavier",2001,"M","WI",56
"Xander",2001,"M","WI",6
"Xavier",2002,"M","WI",64
"Xander",2002,"M","WI",9
"Xavier",2003,"M","WI",64
"Xander",2003,"M","WI",34
"Xzavier",2003,"M","WI",5
"Xavier",2004,"M","WI",82
"Xander",2004,"M","WI",30
"Xzavier",2004,"M","WI",7
"Xavier",2005,"M","WI",75
"Xander",2005,"M","WI",24
"Xavion",2005,"M","WI",5
"Xavier",2006,"M","WI",80
"Xander",2006,"M","WI",29
"Xzavier",2006,"M","WI",5
"Xavier",2007,"M","WI",106
"Xander",2007,"M","WI",29
"Xzavier",2007,"M","WI",8
"Xavier",2008,"M","WI",90
"Xander",2008,"M","WI",29
"Xzavier",2008,"M","WI",6
"Xavior",2008,"M","WI",5
"Xavier",2009,"M","WI",113
"Xander",2009,"M","WI",39
"Xaiden",2009,"M","WI",5
"Xavier",2010,"M","WI",80
"Xander",2010,"M","WI",38
"Xzavier",2010,"M","WI",5
"Xavier",2011,"M","WI",76
"Xander",2011,"M","WI",36
"Xavi",2011,"M","WI",5
"Xavier",2012,"M","WI",92
"Xander",2012,"M","WI",37
"Xavier",2013,"M","WI",78
"Xander",2013,"M","WI",35
"Xavier",2014,"M","WI",72
"Xander",2014,"M","WI",32
"Xzavier",2014,"M","WI",6
"Xavier",2000,"M","WV",8
"Xavier",2001,"M","WV",8
"Xavier",2002,"M","WV",12
"Xavier",2003,"M","WV",24
"Xander",2003,"M","WV",12
"Xavier",2004,"M","WV",29
"Xander",2004,"M","WV",10
"Xavier",2005,"M","WV",25
"Xander",2005,"M","WV",8
"Xavier",2006,"M","WV",31
"Xander",2006,"M","WV",9
"Xavier",2007,"M","WV",24
"Xander",2007,"M","WV",12
"Xavier",2008,"M","WV",30
"Xander",2008,"M","WV",12
"Xavier",2009,"M","WV",28
"Xander",2009,"M","WV",10
"Xavier",2010,"M","WV",31
"Xander",2010,"M","WV",8
"Xavier",2011,"M","WV",27
"Xander",2011,"M","WV",19
"Xavier",2012,"M","WV",31
"Xander",2012,"M","WV",17
"Xavier",2013,"M","WV",22
"Xander",2013,"M","WV",21
"Xzavier",2013,"M","WV",6
"Xavier",2014,"M","WV",32
"Xander",2014,"M","WV",14
"Xzavier",2014,"M","WV",6
"Xavier",2002,"M","WY",11
"Xavier",2003,"M","WY",5
"Xavier",2004,"M","WY",8
"Xander",2004,"M","WY",5
"Xavier",2005,"M","WY",10
"Xander",2005,"M","WY",5
"Xavier",2006,"M","WY",9
"Xander",2006,"M","WY",7
"Xavier",2007,"M","WY",6
"Xavier",2008,"M","WY",9
"Xander",2008,"M","WY",8
"Xander",2009,"M","WY",8
"Xavier",2009,"M","WY",5
"Xavier",2010,"M","WY",8
"Xavier",2011,"M","WY",14
"Xander",2011,"M","WY",8
"Xander",2012,"M","WY",7
"Xavier",2012,"M","WY",6
"Xavier",2014,"M","WY",12
"Xander",2014,"M","WY",10
